id,first_name,last_name,email,phone_number,CF,isDoctor
1,Lorenza,Van Halle,lvanhalle0@oakley.com,923-227-5604,OYWWMH3I28X731D,false
2,Stevena,Tinghill,stinghill1@theatlantic.com,631-236-5927,WKBCRM7Z60P881Z,true
3,Leigh,Corradino,lcorradino2@amazon.com,628-488-8384,AQDACF7F95T232I,true
4,Meridel,Moulson,mmoulson3@fda.gov,517-796-6204,HUGNGX6I07M296L,false
5,Miguelita,Iacopetti,miacopetti4@nsw.gov.au,281-509-6030,ZLULHE6V87F270B,false
6,Dannye,MacCartair,dmaccartair5@ycombinator.com,350-263-4202,DWCYRN7Y83Z684E,false
7,Lela,Mickelwright,lmickelwright6@about.me,561-492-0968,RBSKIR9H83X595L,true
8,Tracy,Aldwich,taldwich7@quantcast.com,365-686-9094,VWBTQZ0O41F279O,false
9,Vivyanne,Kilshall,vkilshall8@imgur.com,539-628-9946,PIAUXQ1Z12Z967F,true
10,Howard,Walshe,hwalshe9@stanford.edu,622-393-7167,HHUJVS2M87V713L,false
11,Nora,Beldon,nbeldona@merriam-webster.com,134-482-5336,JOOVJS5G89Y370B,true
12,Wrennie,Espinoza,wespinozab@tinypic.com,427-868-0817,AVGVCZ3C68I192E,false
13,Meyer,Luberto,mlubertoc@t.co,721-714-8353,TFKDKK6F40A460L,false
14,Fawn,Bolstridge,fbolstridged@ucoz.ru,189-912-2312,RPHCHL0Z31W555U,false
15,Jenelle,Edwicker,jedwickere@reference.com,717-339-5387,UCXDTP5V62D476I,true
16,Terence,Albertson,talbertsonf@flavors.me,360-461-7946,ALVVNT7N38Y234F,true
17,Nev,Spitell,nspitellg@answers.com,234-699-8937,MAURFC3O66V221Z,false
18,Ardella,Lucy,alucyh@desdev.cn,781-710-9026,DYLWTZ8F35X382H,true
19,Allx,Sextone,asextonei@apple.com,506-561-6423,TQVXUO1T08Q810C,false
20,Kaylyn,Quarrell,kquarrellj@un.org,532-443-6428,YDTVHC6V02X919U,true
21,Mattias,Johnys,mjohnysk@list-manage.com,899-509-4117,QUJGPS8I32X277G,false
22,Tillie,Dunkley,tdunkleyl@boston.com,238-936-4115,PLTBJY0G44V013T,true
23,Dewitt,Dunstall,ddunstallm@diigo.com,242-351-6823,OHWIPZ1S37Y166M,true
24,Orly,Deave,odeaven@linkedin.com,316-677-1550,YWYRAN0L94L156R,false
25,Karlen,Yelyashev,kyelyashevo@sourceforge.net,408-636-9986,TOKFHJ0N39A527Q,true
26,Sergei,Firks,sfirksp@army.mil,200-899-1995,UEHEQK4O84V411A,false
27,Petronia,Bainbridge,pbainbridgeq@ezinearticles.com,618-619-2655,CDLGAJ4H95J369D,false
28,Mikael,Turl,mturlr@51.la,823-199-3706,HPYMIZ4L30J308C,false
29,Lynett,Cowherd,lcowherds@sina.com.cn,672-753-0156,PIVMRA4X65U510C,false
30,Hilly,Kurdani,hkurdanit@google.com,977-467-6664,JEHJZC0H89S324G,true
31,Nataniel,Measom,nmeasomu@wordpress.org,492-887-0302,RZMMTE6E39K327F,true
32,Amye,Gainor,againorv@mozilla.org,509-226-8160,PVVZPM9O67E131I,true
33,Maryjo,Benyan,mbenyanw@businessinsider.com,745-999-8464,OCBJNH0H86D692T,true
34,Stefa,Hollidge,shollidgex@feedburner.com,271-232-9247,BUYNWQ4Q21U022Z,false
35,Annette,Haveline,ahaveliney@reference.com,520-119-0669,VABATZ3P60L943Y,true
36,Aindrea,Brookton,abrooktonz@weebly.com,383-821-1769,TAWQMP2Q93E979O,false
37,Jerrie,Balfe,jbalfe10@is.gd,884-657-9390,DUSXFN8C47Y548K,false
38,Garold,Leathlay,gleathlay11@auda.org.au,447-571-8357,JRNUAD1T74F802P,true
39,Tisha,Barrington,tbarrington12@hexun.com,348-763-8683,PORUVV8I72E893G,false
40,Daphna,Manueli,dmanueli13@simplemachines.org,584-117-5481,PLIDSN5O66J640Q,true
41,Chere,MacDermand,cmacdermand14@reddit.com,316-731-8822,DIRWLG9K41X863S,true
42,Jillana,Bernon,jbernon15@hp.com,273-436-0612,IYQRFW1E83Y897E,true
43,Rock,Deathridge,rdeathridge16@ocn.ne.jp,804-799-6573,WXZAUK3E25M248N,true
44,Shelley,Beseke,sbeseke17@pagesperso-orange.fr,323-342-1609,TZJELC1P83A078T,false
45,Nicko,Woollett,nwoollett18@indiegogo.com,226-364-6106,EIWCQU4I56H982W,true
46,Daren,Furness,dfurness19@arizona.edu,562-733-8564,FBGXYC8X57O606A,true
47,Linnie,Mallord,lmallord1a@delicious.com,945-548-7844,ZBPCUN9M40W859T,false
48,Ronny,Lineham,rlineham1b@adobe.com,479-259-2823,EGWKZW5F96E440T,true
49,Nikolas,Hoggan,nhoggan1c@example.com,576-720-6376,JYTIIT1R01K772R,true
50,Keane,Inglesfield,kinglesfield1d@ted.com,647-645-1794,ORYSMA6V42K704J,true
51,Griselda,Bartolomucci,gbartolomucci1e@mail.ru,464-732-9895,OQGXYV3A78C864I,true
52,Dyanne,Pretty,dpretty1f@vk.com,347-477-7426,OLWUMQ9C99E402B,false
53,Norman,Bransdon,nbransdon1g@deliciousdays.com,465-488-4219,BKVHDG3X44F025W,true
54,Cheryl,Escoffrey,cescoffrey1h@fotki.com,186-729-8146,HAHSFF8G38U674U,true
55,Carlin,Matyushenko,cmatyushenko1i@prweb.com,659-309-2171,TEEUBS3Q65B737Z,false
56,Romy,Peyton,rpeyton1j@php.net,809-526-1148,ZUAHAZ1E79B916P,true
57,Coral,Dawkins,cdawkins1k@nymag.com,991-489-5017,HDEDWH1Y56M671G,false
58,Lissie,Weinham,lweinham1l@sohu.com,642-166-9364,LUDDXO6O45P147J,false
59,Sammy,Alster,salster1m@census.gov,270-940-6816,VXDJPV6X13J833U,true
60,Ad,McGrill,amcgrill1n@go.com,449-857-0863,WEUICJ5R85A974S,true
61,Hadlee,Gladdis,hgladdis1o@homestead.com,363-981-2471,VHWKDN8L15Q144I,true
62,Julian,Werner,jwerner1p@webnode.com,281-143-1559,ZCQPSW7J05F077D,true
63,Murry,Govinlock,mgovinlock1q@gizmodo.com,636-815-4980,CUXTXR9M30B767Z,false
64,Michele,Kordas,mkordas1r@moonfruit.com,197-515-6872,VMEQKR3D76M614Z,false
65,Donavon,Presman,dpresman1s@macromedia.com,292-338-8436,YOYLKZ8T65T591K,true
66,Selie,Easlea,seaslea1t@thetimes.co.uk,994-178-2721,ZZVDQF8T36Q172Z,false
67,Clayborn,Mannooch,cmannooch1u@time.com,536-663-5207,SNOQPB6S04R217J,false
68,Gusella,Gilston,ggilston1v@ycombinator.com,399-515-6894,MTQKDA7J40N104E,false
69,Lloyd,Raff,lraff1w@de.vu,337-761-9085,GPEDEZ3I57S458H,false
70,Guntar,Rottgers,grottgers1x@yahoo.co.jp,664-384-7015,ULLOCV5A72J410W,true
71,Ulick,Roelofs,uroelofs1y@patch.com,169-167-2452,JJWBPB7W11X427L,true
72,Rawley,Minchenton,rminchenton1z@google.cn,407-525-0703,DVZIPF7A24Q786E,false
73,Anthea,Fraanchyonok,afraanchyonok20@bluehost.com,542-384-4223,ZKYXHG5K43A301Y,true
74,Missie,Panniers,mpanniers21@theatlantic.com,686-766-2901,VIPLTK7W67K766W,false
75,Riobard,Calvard,rcalvard22@indiatimes.com,927-938-0497,ABNAGC6X52G358F,true
76,Tommi,Figgs,tfiggs23@theguardian.com,826-456-5241,YCMCWO1W18B293C,false
77,Tobi,Grancher,tgrancher24@ft.com,828-994-0673,DFZLLJ0T03O352K,true
78,Faulkner,Le feuvre,flefeuvre25@ezinearticles.com,487-474-6190,JZIJHQ5I76U592U,true
79,Jolynn,Fawbert,jfawbert26@hhs.gov,264-512-3547,NMUQAZ2B53O661N,false
80,Kylila,Kohnen,kkohnen27@google.it,299-360-7683,QGVBOM3K25S680V,false
81,Avigdor,Folomkin,afolomkin28@pen.io,191-409-0768,INZDFO7J17K476C,false
82,Corty,Missen,cmissen29@ebay.co.uk,408-397-3763,LQDIWO1W89T896L,true
83,Brock,Castelletti,bcastelletti2a@tinyurl.com,962-662-6244,ISPSVU2P25O100O,true
84,Rhiamon,Pawel,rpawel2b@hexun.com,812-552-9712,CIFXLQ5V08S804Q,true
85,Lee,Dorman,ldorman2c@usnews.com,867-507-4658,SMOYQZ8F85P428C,false
86,Hermina,Van Hault,hvanhault2d@vk.com,931-110-9385,STDSUQ2W53X982X,false
87,Daniella,Bawme,dbawme2e@odnoklassniki.ru,218-161-7113,SKUDJH4K76N092R,true
88,Dwight,Cornwell,dcornwell2f@mapquest.com,850-314-1597,EPKUIX3K26L100W,true
89,Jane,Francillo,jfrancillo2g@cmu.edu,717-651-7687,IBDGLB9S66G162V,false
90,Hannie,Gorton,hgorton2h@bbc.co.uk,728-499-3291,GQJCBN1B08L443R,true
91,Stephen,McNern,smcnern2i@flavors.me,841-746-0850,PHXPEJ7N97A038Z,true
92,Anna-diane,Badsey,abadsey2j@vinaora.com,841-887-5832,DXPTRO2C46Q881Z,false
93,Catriona,Faircliffe,cfaircliffe2k@japanpost.jp,374-169-3258,RXUIQI3X05C446E,true
94,Carmel,De Bischof,cdebischof2l@nhs.uk,456-510-2009,NRDYAK2S35C831B,false
95,Filmore,Cuffley,fcuffley2m@cloudflare.com,229-501-8472,DSLGRP9R53U951H,true
96,Cristiano,Corker,ccorker2n@cisco.com,648-957-9723,XHOTPR0Y28A419K,true
97,Raphaela,Newis,rnewis2o@reddit.com,980-201-5508,ZGAETJ2K36O069L,true
98,Judye,Deny,jdeny2p@mtv.com,869-982-7653,IDCTYJ8C44A046O,false
99,Bonnie,Askham,baskham2q@netlog.com,968-926-2454,ZJYIYB0T87G180N,false
100,Alexandrina,Skoate,askoate2r@google.ca,934-680-3321,GRNYOE5P14H557N,false
101,Leontine,Heardman,lheardman2s@princeton.edu,139-324-9284,XMLMJL2P08D834T,true
102,Leoine,Tockell,ltockell2t@cbc.ca,547-118-3372,WJZWXP4X78O095P,true
103,Hallie,Sixsmith,hsixsmith2u@goo.ne.jp,612-180-9880,LZPKSB4F02I855P,true
104,Bowie,Clayson,bclayson2v@spotify.com,155-946-0916,RLDJDU9A06B398L,true
105,Jacynth,MacNeilley,jmacneilley2w@discovery.com,544-704-6941,HXISEB3Q44E578C,true
106,Rikki,Lightewood,rlightewood2x@senate.gov,161-234-9263,FWQXWP0G64K709U,true
107,Berry,Berrie,bberrie2y@wikispaces.com,684-958-1952,YTWEYI6C43S201M,false
108,Annamaria,Rubinow,arubinow2z@theguardian.com,336-176-1982,OLRAUT6B72K777X,true
109,Mala,De La Hay,mdelahay30@naver.com,182-629-2322,PTCFTS3I99Z341C,false
110,Ema,Robbins,erobbins31@amazon.co.uk,276-853-9459,VRXDTE5R70V403O,false
111,Alysia,Ellerby,aellerby32@feedburner.com,328-221-3922,EMNNED2D65J371T,false
112,Waite,Hedworth,whedworth33@huffingtonpost.com,742-855-9637,LSPIMJ8M17G415U,true
113,Mersey,Jeromson,mjeromson34@abc.net.au,126-683-7036,XIOMYR1N59E187J,true
114,Daryl,Rubinowitch,drubinowitch35@skype.com,749-329-5452,FIURZH9I48A041A,true
115,Rodrick,Tabbernor,rtabbernor36@unc.edu,893-117-1719,CPOBPN4P89P160G,false
116,Myrlene,Skerm,mskerm37@gov.uk,932-910-4577,EDUYVP3N96E483J,false
117,Roi,Winny,rwinny38@addtoany.com,689-731-8998,PCVSRI7V92K321E,false
118,Ruy,Lloyds,rlloyds39@ycombinator.com,411-702-2509,FPUAQH3X84T327Z,true
119,Mehetabel,Harmon,mharmon3a@imdb.com,893-266-6501,FIJPGQ2I68U413J,true
120,Pascal,Mallebone,pmallebone3b@qq.com,902-574-9620,IZIHLW5B65M858S,false
121,Licha,Ashurst,lashurst3c@ibm.com,822-851-5077,GFBTZW3R36L008S,false
122,Lebbie,Kinnaird,lkinnaird3d@eventbrite.com,118-227-7696,CACSAJ9M87Z204R,true
123,Audrey,Kohen,akohen3e@nymag.com,473-242-1391,MODWBQ4B12H101K,false
124,Antone,Tukely,atukely3f@istockphoto.com,984-949-1533,SXGZFN7U55K202R,true
125,Deedee,Frere,dfrere3g@yale.edu,851-191-2826,ZQDQEM6Z40T638Y,true
126,Boyd,Patemore,bpatemore3h@vkontakte.ru,875-374-5395,LARKSN7O05K011N,true
127,Vallie,Howling,vhowling3i@marketwatch.com,173-267-7303,ARRYCQ2U03Q761D,false
128,Rebeca,McCaskill,rmccaskill3j@is.gd,603-521-4105,ICPPZU1D08L339K,false
129,Mattie,Kardos,mkardos3k@linkedin.com,375-571-5034,GYFBAK5R08T734V,true
130,Brear,Crosskell,bcrosskell3l@163.com,922-494-3982,DEZCON5I67A397Q,false
131,Kriste,Malafe,kmalafe3m@smugmug.com,893-941-7931,YUMEWZ4S73V515J,false
132,Selinda,Bursnall,sbursnall3n@jalbum.net,431-808-8091,DIPOIX2S27W728C,false
133,Gradey,Brealey,gbrealey3o@loc.gov,849-800-9467,FUNDKS0P98N152B,false
134,Lion,Espadero,lespadero3p@so-net.ne.jp,844-797-0393,TYOKVH1I58O165W,false
135,Arne,Bradneck,abradneck3q@issuu.com,638-420-8416,DALIKQ8R34V481O,true
136,Orazio,Dearlove,odearlove3r@free.fr,965-720-9891,HPKIKI5P19I996Q,true
137,Corri,Tuffey,ctuffey3s@pbs.org,775-479-5392,CKSZVC4W22U151I,false
138,Klara,Knowler,kknowler3t@ycombinator.com,252-300-8034,MRPORD4A12L431P,true
139,Adelaida,Audley,aaudley3u@independent.co.uk,351-463-3644,GPWMCJ7F99G804K,true
140,Gannon,Matveyev,gmatveyev3v@geocities.jp,737-115-8618,LOCBKI6A74Y094I,true
141,Rad,Habbin,rhabbin3w@ftc.gov,212-738-5048,QJTCOY4D48G918T,false
142,Barbabas,Laurentino,blaurentino3x@webnode.com,598-952-4144,XZLNPO4Y85K534Y,true
143,Delmor,Wreak,dwreak3y@macromedia.com,509-436-9855,ONHTRP1P06P368B,true
144,Jamie,O'Cannan,jocannan3z@weather.com,834-236-5326,YEJXMP1F46I424L,false
145,Dewey,Cockings,dcockings40@army.mil,282-894-2519,PXZROA1V40O132Y,true
146,Clarisse,Casillis,ccasillis41@nasa.gov,246-377-4571,LSOCMZ9T74M686Z,true
147,Gilli,Assaf,gassaf42@cbsnews.com,860-733-4651,RCBNZL1A71U500M,true
148,Adella,Brodbin,abrodbin43@livejournal.com,100-816-8730,WJBSBQ1S69E086Z,false
149,Giorgi,Endon,gendon44@alexa.com,464-267-2489,BXDOWY0Q52H473L,true
150,Briant,Kubin,bkubin45@shareasale.com,397-835-9374,IZJLJO9Z29E991F,true
151,Christina,Dorricott,cdorricott46@blogs.com,596-151-7688,RHTJJF1C43J160S,true
152,Alfie,Rosendall,arosendall47@dailymail.co.uk,429-639-9481,TLDXAB7H96H556O,true
153,Kelbee,Vicker,kvicker48@networkadvertising.org,360-317-2376,HJMYJS9Y71T856C,true
154,Cherish,Pountney,cpountney49@freewebs.com,617-352-8615,IPZRTH8H73Y384N,false
155,Antonin,Fazakerley,afazakerley4a@addthis.com,795-954-1308,BBKXRW2Y41W133V,false
156,Nickola,Towell,ntowell4b@yellowbook.com,602-859-8545,DIMBKY5C15U993I,true
157,Fredelia,Limeburner,flimeburner4c@bing.com,352-319-7861,UGRAAF0M41L474W,false
158,Rebekkah,Jacobssen,rjacobssen4d@furl.net,871-686-5400,WJKTXP7H53R504E,false
159,Lynsey,Abella,labella4e@scientificamerican.com,521-252-9290,OUSZUQ3S61M030D,true
160,Virge,Cain,vcain4f@tinyurl.com,549-615-9067,NUSWCL5V04R572Z,true
161,Lola,Hastwell,lhastwell4g@weebly.com,916-872-0466,BVSMUH9T35T419J,false
162,Bobbie,Flintiff,bflintiff4h@hibu.com,854-452-1079,WIHUME9U25G067R,true
163,Lay,Axleby,laxleby4i@businesswire.com,779-203-0298,GHQCWR2H84H587O,false
164,Danita,Dellenbroker,ddellenbroker4j@thetimes.co.uk,463-545-4195,FIDKSI4X95Y527Y,true
165,Earl,Mattersley,emattersley4k@1688.com,353-530-1032,XQTPFF4L98V588N,false
166,Lola,Anthona,lanthona4l@google.cn,757-490-4682,JTRFSI2G40Y378E,true
167,Madlin,Baddiley,mbaddiley4m@naver.com,544-429-4357,HQZDKX6I65L201J,true
168,Ashli,Robez,arobez4n@apple.com,933-349-5129,YVECLL0V23G809I,true
169,Everett,Battson,ebattson4o@netvibes.com,260-946-3689,MZDFOJ9K96R038J,true
170,Theresita,Smythe,tsmythe4p@springer.com,738-343-4985,GPEVRI4H90M120F,false
171,Ciel,Mollon,cmollon4q@usgs.gov,327-113-1175,IUUBHR9R16V610F,false
172,Jorry,Tamblyn,jtamblyn4r@usgs.gov,395-292-6134,FXLGQR2F71C506C,true
173,Glynn,Skydall,gskydall4s@macromedia.com,125-169-2889,PDXKFU8D03N967J,true
174,Hedwig,Klimashevich,hklimashevich4t@mtv.com,561-510-9937,CSAMSJ0L22Q021N,true
175,Payton,Chezier,pchezier4u@yelp.com,229-171-2728,ZXKDPD9O45R934D,false
176,Vance,Damper,vdamper4v@icq.com,369-977-1898,USQVVW2X19E155B,true
177,Giusto,Rebert,grebert4w@joomla.org,849-158-9265,WKZBHL3Y04X579R,true
178,Rosita,Villar,rvillar4x@vkontakte.ru,731-659-9502,XGYLJP3T85A996A,true
179,Rozamond,Glyne,rglyne4y@nhs.uk,856-316-7227,LKZIOH6S07C900O,true
180,Melisse,Sessuns,msessuns4z@networksolutions.com,442-796-0117,CUKQTT7L15G333J,true
181,Jillie,Dutnall,jdutnall50@nytimes.com,176-521-3873,PUTOFO0L36D819P,false
182,Lewes,Bittany,lbittany51@nasa.gov,217-595-7482,FKZVXC1F85V872R,false
183,Husain,Abeles,habeles52@123-reg.co.uk,323-173-1943,VIZNQS4O69I883K,false
184,Danya,Gartshore,dgartshore53@yellowbook.com,764-389-9724,EZROZD6K52Q804L,true
185,Gray,Conti,gconti54@blogs.com,478-837-3825,GATCOA3U71M384E,false
186,Rich,Mattheis,rmattheis55@liveinternet.ru,615-700-9731,KIOUPE5G14D171V,false
187,Symon,Fontin,sfontin56@exblog.jp,531-186-6838,CYTTOO4Z48P692Y,true
188,Arni,Cissell,acissell57@va.gov,240-270-8594,GGFCXJ2H50N768Z,false
189,Kordula,MacRierie,kmacrierie58@usnews.com,108-337-7640,WMKRTK7U41J019T,false
190,Andeee,Pering,apering59@dailymotion.com,559-342-2653,ZSPNJB0X48B625K,false
191,Leroi,Witchell,lwitchell5a@bbb.org,460-709-2650,DUMDVC1L52Z975X,false
192,Saleem,Lardez,slardez5b@globo.com,315-726-0628,SXMKGT6O14N847H,false
193,Magdalen,Etches,metches5c@yellowbook.com,226-946-6260,GEOKAK5J72G481Q,false
194,Lyndsie,Jesper,ljesper5d@google.ca,616-470-8118,JQWHZP4J13E438W,false
195,Luisa,Orteu,lorteu5e@examiner.com,777-913-2104,SMIYEV0F01J477B,false
196,Delainey,Matessian,dmatessian5f@utexas.edu,358-192-2422,JRXLIP5X12R377Z,true
197,Constantia,Swinley,cswinley5g@booking.com,819-546-1148,LKJXFX5I04N074B,true
198,Rori,Felgate,rfelgate5h@eventbrite.com,799-366-4919,XNMAKV4P37K794V,true
199,Lani,Romeo,lromeo5i@reference.com,883-765-5560,NAKFJW0Z85L127H,false
200,Maible,Cashen,mcashen5j@paypal.com,449-428-1199,QTWUVK6P55T114U,true
201,Kris,Hitzschke,khitzschke5k@mozilla.org,336-519-9937,PNDMZE6I26N457W,true
202,Reuven,Sellstrom,rsellstrom5l@flavors.me,662-595-3545,VDCVZY4S13Y429I,true
203,Guss,Hamshaw,ghamshaw5m@google.nl,721-499-0849,BFCDFZ3K91Z009E,true
204,Gunner,Adhams,gadhams5n@goodreads.com,633-317-9369,EHHFCW5A73O437D,false
205,Lay,Sandes,lsandes5o@lulu.com,545-390-4423,HXUSUP1E28Q591S,false
206,Obadias,Pratt,opratt5p@csmonitor.com,252-471-7642,ROEUDR6H49J328T,true
207,Marty,Schaffel,mschaffel5q@examiner.com,614-400-5596,SKSNDT5X40L480P,true
208,Wayne,Menere,wmenere5r@pinterest.com,830-224-0800,HPOXEA8F20X588T,true
209,Gustave,Ironmonger,gironmonger5s@sfgate.com,705-301-8989,FKMCWB5H51Y017W,true
210,Idelle,Doerffer,idoerffer5t@berkeley.edu,995-796-8792,UGYAQL0P51I106Z,false
211,Ophelie,Scaice,oscaice5u@bigcartel.com,307-480-7847,IZINEA0E85L539J,false
212,Stevena,Stubbins,sstubbins5v@newyorker.com,185-290-1125,WYYDWD8K12V397K,false
213,Charla,Sannes,csannes5w@blinklist.com,660-749-3523,FDURPL8T96U779K,true
214,Jody,Vautrey,jvautrey5x@telegraph.co.uk,836-585-6762,GJSSRV4U44J605D,false
215,Adlai,Leppo,aleppo5y@themeforest.net,534-917-9900,FTESPG7K52T656Q,true
216,Sarine,Chainey,schainey5z@auda.org.au,885-943-0058,WCTKFB7P25I934R,false
217,Andrea,Klaff,aklaff60@jigsy.com,887-312-8128,KGTPDG4N88J409Q,false
218,Kennan,Strasse,kstrasse61@devhub.com,616-695-5727,MBWRMZ3F05W664M,true
219,Derrik,Harburtson,dharburtson62@google.ca,376-456-2383,HMRGZP1B67A463T,false
220,Shepherd,Tumilty,stumilty63@google.ru,985-556-5468,AXDPUI7D07N415Y,true
221,Sonni,Kuhlen,skuhlen64@mtv.com,214-453-8480,KZKFOB5F05L896I,false
222,Harp,Ramplee,hramplee65@goo.gl,761-464-8320,ZZKDAD8T88F931L,false
223,Seward,Varney,svarney66@nba.com,943-249-7590,UDWMDV4G00F144Y,true
224,Johannah,Castanaga,jcastanaga67@ucoz.ru,425-380-7747,NOWFTB9N48R469G,true
225,Mercie,Yegorshin,myegorshin68@shareasale.com,483-430-7947,UTYZBX5P25O953G,true
226,Virgie,Shovelton,vshovelton69@nydailynews.com,810-847-2763,GUIIUC4H11F632A,false
227,Katalin,Norval,knorval6a@npr.org,408-172-4687,PATTSX2X58K955Y,true
228,Nat,Marrison,nmarrison6b@addthis.com,990-666-4837,GPMNRT8L01Z929O,true
229,Nat,Slateford,nslateford6c@businessweek.com,221-589-4764,DWCYKU6D82Q731T,true
230,Sloane,Bezzant,sbezzant6d@yale.edu,446-467-3681,IPGAQB8U72A684B,false
231,Elaina,Spino,espino6e@imgur.com,951-177-8769,PLGYKU5T68Y692Q,false
232,Skelly,Callander,scallander6f@mac.com,742-893-0032,EAVBPQ6P85S065V,true
233,Georgianna,Scurman,gscurman6g@spiegel.de,847-728-8882,VAHCDO2X61Y379T,false
234,Evania,Speariett,espeariett6h@multiply.com,569-607-9437,MZCORY6K60P444K,true
235,Bellina,Boliver,bboliver6i@wsj.com,185-467-4723,CWOLAK2I62Y006L,true
236,Hayley,Yokley,hyokley6j@who.int,206-719-4798,ZVHTTS1P40Q346A,true
237,Starlene,Stovell,sstovell6k@toplist.cz,974-558-0192,GRMAFB5W39H326C,false
238,Eyde,Goulston,egoulston6l@mysql.com,599-538-2706,POUKCO7Z30A289R,true
239,Ignaz,Rudgley,irudgley6m@webmd.com,173-248-7220,IZMJVB1G32B517J,true
240,Deloris,Golds,dgolds6n@cdbaby.com,406-494-5302,KBKJKF9Y43T149I,false
241,Felipe,Nolder,fnolder6o@wordpress.org,404-569-4050,KTUZOD7P21T155W,false
242,Meryl,Kamenar,mkamenar6p@discovery.com,240-584-9986,YBXFOC0X48I357T,false
243,Rock,Elphick,relphick6q@1und1.de,136-421-9930,UBVTZT0Y41P269Y,true
244,Wilfrid,Solesbury,wsolesbury6r@boston.com,544-476-7159,VJZDKW9Y61X531S,false
245,Cindelyn,Kettlesting,ckettlesting6s@nifty.com,802-211-5111,KDTAWO3U46Y114J,true
246,Rosamond,Palfrey,rpalfrey6t@163.com,448-519-2495,AGJDLB3O69A892A,true
247,Guido,Joanaud,gjoanaud6u@google.com,777-714-2102,OQFRRQ3E11C038O,true
248,Joanna,Martlew,jmartlew6v@creativecommons.org,603-734-8901,CQSHHP4Y63B539A,true
249,Catrina,Haskur,chaskur6w@so-net.ne.jp,722-619-6423,EWAVNC3K56Y146G,true
250,Brandi,Kwiek,bkwiek6x@newsvine.com,625-564-0974,RDQWPB0W52D410Y,true
251,Franklin,Bees,fbees6y@webmd.com,145-486-0814,ZXZFDN2Y60H812V,false
252,Nico,Loalday,nloalday6z@fema.gov,912-789-1436,VRYWIV5P18S334F,true
253,Bronnie,Reymers,breymers70@parallels.com,883-611-7712,CVYBKP7E65T848W,true
254,Ruby,Cauldwell,rcauldwell71@ovh.net,255-715-1525,HSUVDN9P66U619M,false
255,Valle,Huntingford,vhuntingford72@dyndns.org,662-263-2983,SFUHNT6N44S436M,true
256,Fiona,Deavin,fdeavin73@cargocollective.com,158-220-3539,LCUAEW7N09I282X,true
257,Flss,Gantley,fgantley74@myspace.com,565-634-3820,WDJGZZ3Q23L675N,false
258,Peggi,Unger,punger75@lycos.com,726-597-3110,FRAPQW8I18M190O,true
259,Arabela,Whylie,awhylie76@google.fr,269-329-6623,SNCCXE3L34R731X,false
260,Amandi,Gilchriest,agilchriest77@163.com,941-357-4454,DLIYIR1V47F733F,true
261,Ricky,Kinzett,rkinzett78@de.vu,389-320-0787,UNNUGY8P83B660L,false
262,Artie,Valerius,avalerius79@ed.gov,662-926-9847,KVRXBZ4O88E886X,false
263,Angy,Winckles,awinckles7a@vistaprint.com,240-153-1416,NURROQ3I66R634B,true
264,Niko,Lody,nlody7b@ucoz.com,245-351-6012,KQMFMX6T09O076U,false
265,Perl,Skamal,pskamal7c@cloudflare.com,998-462-2116,XQBRJA8S57A649P,false
266,Phillip,Shorto,pshorto7d@disqus.com,263-328-2496,EMPUMQ2N29H241D,false
267,Gaven,Meth,gmeth7e@imgur.com,245-304-0236,DJLKST5A03M729V,false
268,Hussein,Tournie,htournie7f@fema.gov,977-942-7241,PXWWAD4Y58W927P,false
269,Paulita,Eggins,peggins7g@marriott.com,908-634-1663,WWNVIQ7M80S677J,false
270,Henrietta,Durran,hdurran7h@blogs.com,251-849-0478,RSKPSC5F27J421J,true
271,Goddard,Serrurier,gserrurier7i@businesswire.com,765-305-0132,FOWIHI5Z54T028H,true
272,Jan,Hammill,jhammill7j@engadget.com,301-477-7242,OSZQRT4I18H138S,false
273,Matelda,Ilbert,milbert7k@mlb.com,106-696-7561,MHGNBX0K20Q460H,true
274,Hewie,Ivakhnov,hivakhnov7l@geocities.jp,923-710-0121,DOASBX2H42P286M,false
275,Trace,Congram,tcongram7m@bbb.org,334-201-9300,UKPNUB6J85J758K,false
276,Porty,Harnor,pharnor7n@bizjournals.com,221-770-3962,YVVIXZ7N83G708S,false
277,Jermain,Gatrell,jgatrell7o@chronoengine.com,494-905-3046,XXYRJI7D91L793F,false
278,Kesley,Snoday,ksnoday7p@google.ru,661-504-0700,IQYQAF2E87C677D,false
279,Cassey,Lapenna,clapenna7q@washingtonpost.com,362-706-6754,UFUFGO0U20X984T,false
280,Nikki,Connal,nconnal7r@prweb.com,319-623-2757,MHGAJV4Q80S861O,false
281,Lizabeth,Miell,lmiell7s@bigcartel.com,730-595-5316,HWJYYK3C87H144V,false
282,Sisely,Profit,sprofit7t@ask.com,753-969-1886,ISXKXM4K50E349W,false
283,Max,Gridon,mgridon7u@pagesperso-orange.fr,602-426-6699,QHRKJA2O47G038C,true
284,Ferdie,Keneleyside,fkeneleyside7v@moonfruit.com,170-984-9887,BWCOKF2X91A193P,false
285,Hersch,Antill,hantill7w@imageshack.us,674-535-5075,CQSCTO6O51X930F,false
286,Joelie,Dedenham,jdedenham7x@plala.or.jp,415-837-5557,DMRMGY7V02G909V,false
287,Arabel,Deboy,adeboy7y@cdbaby.com,269-690-4791,TJVQDA7F78T373J,true
288,Bili,Athelstan,bathelstan7z@cmu.edu,978-829-4918,YVSOVB2C22D966U,true
289,Ewen,Camilletti,ecamilletti80@wired.com,750-980-4477,PFZXKA3F73N912Y,false
290,Loralie,Tribell,ltribell81@apache.org,534-511-8979,SOTUEC6T47U633N,true
291,Bondie,Chowne,bchowne82@reference.com,870-280-5600,PMNNOA5V85V937T,true
292,Keven,Pratten,kpratten83@ted.com,873-124-6848,QVUCLP7Y19Z373D,true
293,Petrina,Osgardby,posgardby84@kickstarter.com,611-895-3364,YAYJXI0C75J700J,false
294,Fletch,Coogan,fcoogan85@theguardian.com,179-953-1774,FSHUNN7W03V062X,false
295,Natasha,Castelain,ncastelain86@dropbox.com,595-275-8560,NDOLRU5C37B284L,true
296,Natassia,Rodd,nrodd87@sitemeter.com,177-646-6750,BGCBGG7B94Z725Y,false
297,Hardy,Rosthorn,hrosthorn88@e-recht24.de,914-485-9449,FRDQIY7F96A919B,false
298,Langston,Melwall,lmelwall89@soup.io,143-975-4770,QULVHG4G23W542V,false
299,Richardo,Barraclough,rbarraclough8a@oakley.com,124-641-2131,IPELFC1I31B206D,false
300,Stacee,Harteley,sharteley8b@bigcartel.com,969-805-1068,GOYPJG2O13U110Y,true
301,Natalie,Lloyd-Williams,nlloydwilliams8c@wisc.edu,817-591-6172,DBQPLR4C69X632K,true
302,Marina,Brewood,mbrewood8d@example.com,463-122-4299,TYEHMB8P89H508O,false
303,Sam,McPeck,smcpeck8e@wikimedia.org,532-757-3291,DWJKFO5Q09B617R,false
304,Reggis,Woodyear,rwoodyear8f@youku.com,428-441-4167,TZEKWA8B89T419C,false
305,Beatriz,Lunbech,blunbech8g@geocities.jp,177-129-4113,YMPEYK4M95A486Q,true
306,Dael,Izkoveski,dizkoveski8h@rediff.com,557-642-1781,NABVTT7V52N909L,true
307,Bess,Wickrath,bwickrath8i@latimes.com,624-274-4864,ZGBQYY1O46B196W,true
308,Vanya,Castanos,vcastanos8j@cbslocal.com,889-412-1987,JPLRWL7H74Z112R,false
309,Hildegaard,Lismore,hlismore8k@lulu.com,336-948-7503,KXWFZG5A85M055Z,true
310,Thalia,Garie,tgarie8l@altervista.org,383-970-9767,VWLGPE9C39P648P,true
311,Ira,Harmeston,iharmeston8m@1688.com,482-243-3622,HWNCXY2T59T037R,true
312,Lezley,MacCourt,lmaccourt8n@cisco.com,652-946-6977,NQZYDH6Q71Z818K,true
313,Ermentrude,Greenslade,egreenslade8o@cdbaby.com,908-284-0092,LDYMQK2F40I234P,false
314,Riva,Nayshe,rnayshe8p@cbslocal.com,704-571-3943,HSZSBH4A75E208K,false
315,Misti,Durrell,mdurrell8q@mac.com,973-699-0356,OZJITG9N59O957S,false
316,Sebastian,de Guise,sdeguise8r@cisco.com,475-885-8490,USYKLK3B01M273C,true
317,Egor,Everit,eeverit8s@sphinn.com,915-499-2850,CALAEJ6Y57C213C,true
318,Virgilio,Merrin,vmerrin8t@answers.com,597-647-4202,VLQJUW5Z57D464Q,false
319,Clemmy,Robillart,crobillart8u@nhs.uk,269-244-3113,KKULJX2I97U687D,false
320,Gardner,Whittuck,gwhittuck8v@google.com.br,880-143-3518,VWFLJQ1N79X452M,false
321,Tatum,Perfili,tperfili8w@lulu.com,541-391-8281,EUPHOY2Y05J959T,true
322,Sterling,Kruschev,skruschev8x@geocities.com,605-614-7140,KNOXQU6T33R293W,true
323,Elwood,Layus,elayus8y@yale.edu,152-215-9328,JHKPSW7G51Q677D,true
324,Saundra,Phillpot,sphillpot8z@xing.com,214-252-8886,PHTWEY0K41H166Q,false
325,Georas,Sinson,gsinson90@edublogs.org,757-412-7019,AHWNKD6F73C174H,true
326,Kristi,Breache,kbreache91@smh.com.au,906-853-8947,COTXQK0K87T910Z,true
327,Maye,Clampett,mclampett92@vistaprint.com,468-612-4960,CRRVIF0N86F268R,true
328,Jaclin,Lamble,jlamble93@dell.com,285-806-2979,YPVLSP1Z01W403D,false
329,Torre,Needs,tneeds94@harvard.edu,284-687-8848,WEBNMS9K56S279T,true
330,Lynne,Phythean,lphythean95@soundcloud.com,896-841-9303,TXDVSK7O64Y948E,false
331,Sibella,O'Cullen,socullen96@java.com,179-538-5842,QELTQM9R32M542Z,true
332,Hewitt,Leavry,hleavry97@nps.gov,445-977-6930,OUFIOD3I11F296E,false
333,Dinnie,Lowle,dlowle98@businessweek.com,763-901-4509,NUAQAA9Q12Y716D,true
334,Vivianne,Slaight,vslaight99@hao123.com,666-465-2904,UGQMID6Y50Y848V,false
335,Lorine,Surr,lsurr9a@imgur.com,846-725-0024,MFMZGB8E75N459I,true
336,Lindy,Summerhayes,lsummerhayes9b@purevolume.com,240-812-1184,FJFBYO4D42O459V,true
337,Goldia,Grioli,ggrioli9c@google.cn,103-399-3545,WIXKAY1T94R419N,true
338,Darbie,Nyland,dnyland9d@hud.gov,218-312-1397,VMJNFW0S39V736L,false
339,Milzie,Phant,mphant9e@senate.gov,749-475-3849,VEYGGZ8H16E198X,true
340,Aliza,McClancy,amcclancy9f@hc360.com,550-446-7568,OSVQFD2V58Q031Z,true
341,Bria,Morgan,bmorgan9g@rediff.com,240-837-4202,VVCBWB8H50X685O,true
342,Forrester,Migheli,fmigheli9h@miitbeian.gov.cn,820-190-6769,QYXKFI0E31W713T,true
343,Nero,Buggs,nbuggs9i@stumbleupon.com,709-847-1327,QZNGAZ9Y21B259T,true
344,Ardeen,Abramovicz,aabramovicz9j@github.io,780-265-3473,DFCGIJ1K84Q060C,true
345,Scarface,Buckthorp,sbuckthorp9k@nsw.gov.au,566-530-5428,IUNBRC0S74N190K,true
346,Garret,Hawkes,ghawkes9l@t.co,303-164-8926,OCHADV6B02K766W,true
347,Megen,Deverall,mdeverall9m@va.gov,156-779-5234,VZWGOW7J25Q739U,false
348,Kelila,Eady,keady9n@abc.net.au,409-204-8480,OOSKWS9X09M758D,true
349,Carole,Trusse,ctrusse9o@instagram.com,485-444-6773,XHHFHS7M60J123B,false
350,Grier,Moakes,gmoakes9p@gov.uk,530-738-4300,FJMFCJ5S69Q747Y,true
351,Freedman,Burbury,fburbury9q@theatlantic.com,206-315-0444,JRWXAU0W50U037F,true
352,Daria,Ferrao,dferrao9r@google.nl,474-354-4799,BYKBHN2Y33E916S,true
353,Ilyssa,Bly,ibly9s@bigcartel.com,140-983-1001,ZTXFOJ1N05O687E,false
354,Ricky,Cattlemull,rcattlemull9t@hibu.com,615-860-6114,JJVWCR7F66E447L,true
355,Brig,Yter,byter9u@google.com.au,827-418-9363,IPNPQK2O73R969X,false
356,Mahalia,Pesik,mpesik9v@samsung.com,201-533-4843,JYIZWY0E58V462R,true
357,Bernadine,Di Francecshi,bdifrancecshi9w@networkadvertising.org,608-669-1810,UPRCSW4Y28E063J,false
358,Arlan,Buckett,abuckett9x@yahoo.co.jp,982-138-4354,GNYORA5G93S031Q,true
359,Catina,Tombling,ctombling9y@tuttocitta.it,273-966-6225,KHCPUU9Y51O683T,false
360,Neely,Sayce,nsayce9z@who.int,625-624-9616,NSBSET4D93Y238J,false
361,Ree,Merdew,rmerdewa0@trellian.com,863-428-9936,REVRLE7O13E406L,true
362,Moshe,Spridgeon,mspridgeona1@wikimedia.org,143-175-6989,EXNTGE0F28L991Z,true
363,Towney,Ewestace,tewestacea2@webeden.co.uk,529-388-0575,QXYXSM4S09B800R,true
364,Chadwick,Hambric,chambrica3@cornell.edu,927-140-5710,AJUHMY8Y96N618B,true
365,Nikki,Tschiersch,ntschierscha4@nytimes.com,412-286-5736,DFKIAW4J27S792S,true
366,Ewan,Rodolphe,erodolphea5@github.io,454-830-8475,CWBOOI4R60S782G,false
367,Dwain,Christene,dchristenea6@bbc.co.uk,359-824-8096,HKNBZR2P87R252V,false
368,Hadrian,Becraft,hbecrafta7@delicious.com,501-434-1595,QXZCTL5Y01K241Y,true
369,Rozanna,Hail,rhaila8@flavors.me,343-635-5748,UWOETW5O88W608L,false
370,Jo ann,Glendza,jglendzaa9@fotki.com,402-892-0850,TNBFZL9S46W436F,false
371,Justen,Haddock,jhaddockaa@seattletimes.com,615-946-3498,LOJAYU4T10K569C,true
372,Horacio,Maffetti,hmaffettiab@google.cn,333-427-3933,LTXGKP0Q76N179J,true
373,Kirstin,O'Leahy,koleahyac@uiuc.edu,551-730-4116,RTRQHJ7E14V070V,true
374,Heda,Cesconi,hcesconiad@vistaprint.com,313-500-0158,IHLBNB7R94F728D,false
375,Cati,Risbridger,crisbridgerae@icq.com,147-491-0766,RGGTXS8L21C374O,true
376,Heywood,Poll,hpollaf@google.com.br,989-596-3663,ZLHNHB7E60O072V,false
377,Denny,Cope,dcopeag@booking.com,685-748-4591,OSQQKO6D89I739U,true
378,Jeremiah,Lathe,jlatheah@google.com,956-150-8177,KFRZFU4F78A950Y,true
379,Kiel,Padson,kpadsonai@phpbb.com,335-277-3786,SBTFEA6M22E479G,true
380,Harlen,Estable,hestableaj@elegantthemes.com,232-533-4186,YOHZDU9P66H439V,false
381,Lira,Le Friec,llefriecak@live.com,387-391-8051,WPBYSK8A14Q271K,true
382,Artemas,Mattiassi,amattiassial@arizona.edu,334-693-4181,XZAEQO0N33H867E,true
383,Theodoric,Yosselevitch,tyosselevitcham@gov.uk,646-952-0684,KZTMNV2B63S196D,true
384,Jany,Columbell,jcolumbellan@jalbum.net,400-200-6122,IKZIXW4A60S329F,true
385,Lotty,Seago,lseagoao@artisteer.com,551-608-2784,PXZUCZ9I26S451B,false
386,Minni,Uttley,muttleyap@berkeley.edu,644-183-5180,YXQYPB0O11Z370X,false
387,Bran,Cumbers,bcumbersaq@hatena.ne.jp,601-985-1125,WZYJNJ7W00D300V,true
388,Devonna,Elcott,delcottar@digg.com,281-731-7215,IEMKUV8T78C732D,false
389,Gard,Chapple,gchappleas@nba.com,268-150-3520,RVQWAX3T16F662X,false
390,Jayme,O'Scandall,joscandallat@cnn.com,188-152-3679,NUCLTJ2P07I214Z,true
391,Cammi,Scutchings,cscutchingsau@deviantart.com,790-263-3827,TLKEKD5Q35M477J,true
392,Flemming,Pooly,fpoolyav@ucoz.ru,692-158-5754,FIXONO5E35L242J,true
393,Kermie,Hullins,khullinsaw@facebook.com,792-964-1949,EEJOAR0N48A821O,true
394,Clay,Hentze,chentzeax@dailymotion.com,811-587-4139,XICQML1V60R662P,false
395,Hyacinthie,Stannas,hstannasay@hubpages.com,922-383-0800,GPCWBR9R52Z710R,true
396,Marjory,Dowling,mdowlingaz@eepurl.com,192-755-5149,LJCDOQ0P89J615R,true
397,Sallyanne,Fronczak,sfronczakb0@geocities.jp,172-334-8085,VJXIJW9H15V110E,false
398,Ninon,Roulston,nroulstonb1@sourceforge.net,141-978-7474,WSWQYP0N10K390P,true
399,Jeffry,Simpkins,jsimpkinsb2@yelp.com,773-373-8634,PRJLCR0T78Y123E,true
400,Cynthie,Glanton,cglantonb3@bloglovin.com,105-447-3480,DLEVXE2G24J231A,false
401,Antin,Bleasdale,ableasdaleb4@google.pl,603-310-5301,YQGLYE4C09S596I,false
402,Nickolas,Killiam,nkilliamb5@mtv.com,811-710-5491,MJHSJA6H84A001G,false
403,Lauralee,Bosher,lbosherb6@economist.com,977-120-3996,SKWWEX7J85X656J,false
404,Donella,Tripet,dtripetb7@wiley.com,679-840-3653,CNVGBJ7V04A532A,true
405,Hester,Stroulger,hstroulgerb8@histats.com,199-486-5696,COLHAK3J67A260Z,false
406,Gertrud,Rosenbarg,grosenbargb9@google.fr,943-260-1922,JPJSIR6M39P171B,false
407,Goldy,Copcote,gcopcoteba@hhs.gov,187-567-6289,LWIECK6X98Y130A,true
408,Nataniel,Denis,ndenisbb@issuu.com,772-552-3031,UOEIQV2S85W347N,true
409,Mirna,Aviss,mavissbc@a8.net,204-504-2916,KNUMLY9C28V119O,true
410,Karleen,Leatham,kleathambd@ucsd.edu,316-695-6671,SHWZIR0J29T111C,false
411,Zandra,Bredgeland,zbredgelandbe@bloomberg.com,154-797-6131,AYTAFB2D46Y144X,false
412,Dmitri,Tinn,dtinnbf@mapquest.com,633-957-4667,RMOJWX3V42X504R,true
413,Fields,Yoselevitch,fyoselevitchbg@amazon.de,336-900-4853,KEHQZM0M64F688P,false
414,Roland,Padbury,rpadburybh@dedecms.com,456-735-8845,BVLVBD1F73V318W,true
415,Keith,Rowler,krowlerbi@cbc.ca,976-970-3972,SGTNJD9E04T405F,false
416,Parry,Lawes,plawesbj@eepurl.com,552-333-6378,DBEIYZ6Z25N618T,false
417,Geoff,Emanuelov,gemanuelovbk@constantcontact.com,256-295-6299,OZUZQH0A90U978X,true
418,Remy,Tendahl,rtendahlbl@merriam-webster.com,518-443-3305,SQOMDX2M22P245D,true
419,Any,Noor,anoorbm@wunderground.com,240-712-0678,WRDHTK7P70U695V,false
420,Bartlet,Gooders,bgoodersbn@nba.com,372-218-3366,EMQYXE6L54H478M,true
421,Juana,Knobell,jknobellbo@github.io,320-450-9265,EIDRII8R00U679O,false
422,Agnese,Poel,apoelbp@theguardian.com,728-381-6196,XBIIJI1B16N513V,true
423,Dalenna,Girdler,dgirdlerbq@ifeng.com,719-248-7161,CEIURI0H54B280H,true
424,Georgia,Antusch,gantuschbr@princeton.edu,673-819-0792,UASEWS2Y67R617K,true
425,Anallise,Olenov,aolenovbs@sina.com.cn,664-521-4761,WBQBBO4C89Q164T,false
426,Celine,Lonsdale,clonsdalebt@csmonitor.com,724-475-3732,UAWDKK3A80L927I,false
427,Arda,Castaner,acastanerbu@bbb.org,466-771-6168,FZSPRM1Z45C132N,true
428,Regine,Chessell,rchessellbv@hostgator.com,685-141-5963,MIPIGZ3P08S948Y,false
429,Stanislaw,Klauber,sklauberbw@trellian.com,457-163-1441,JCWXCU0S33C126P,false
430,Isabel,Boleyn,iboleynbx@icq.com,673-130-4960,ZJJEQH8A03O088O,true
431,Rheta,MacKeogh,rmackeoghby@ovh.net,291-367-6165,JWVRGA4M95B934G,false
432,Martelle,Canham,mcanhambz@google.com.br,319-861-9241,WTXKMS5A93X022U,true
433,Leia,Myring,lmyringc0@smh.com.au,263-600-1027,DARUQT5Q59Q470K,false
434,Oneida,Camamill,ocamamillc1@narod.ru,178-289-2982,SXBCSA3D03L474Z,false
435,Jasmine,Guillond,jguillondc2@skyrock.com,816-851-3964,CGEEFY7S93X901J,false
436,Orly,Bampkin,obampkinc3@accuweather.com,344-698-6970,DTQNWU4R66G578U,true
437,Mercedes,Patrickson,mpatricksonc4@creativecommons.org,619-186-6179,PPEGHN0B36R640M,true
438,Britt,Middlebrook,bmiddlebrookc5@storify.com,944-515-4584,EICDFF1U53L061U,true
439,Maegan,Onele,monelec6@spiegel.de,742-707-0860,RIIPPD7A49F969O,false
440,Ganny,Spinelli,gspinellic7@ucoz.ru,231-701-8939,PXLYXE6X90R594L,true
441,Erskine,Trowsdall,etrowsdallc8@walmart.com,848-310-3361,YMSPZH1D53K763L,false
442,Gaylene,Sacaze,gsacazec9@stumbleupon.com,161-382-8396,PLNYTN4N51P424B,true
443,Erda,Elsy,eelsyca@live.com,934-519-3059,XUHSGL7Y47I033U,false
444,Eba,McGraith,emcgraithcb@samsung.com,917-198-4908,WREWBP0R56N862E,false
445,Agata,Garratt,agarrattcc@goo.ne.jp,495-409-0738,FCMXBC6Q12P370N,false
446,Esdras,Murfett,emurfettcd@unc.edu,933-407-8754,GWEFQK8A68P854S,false
447,Averell,Chaffyn,achaffynce@google.it,444-419-3484,GLPGMD9K47N694F,false
448,Dell,Fallawe,dfallawecf@samsung.com,321-741-7188,UQXLNA2E12F915Y,true
449,Gav,Moreno,gmorenocg@google.nl,471-579-8884,WGKWVK2Y75F023W,true
450,Anett,Clinch,aclinchch@livejournal.com,209-977-0812,NEDLXC0E10S435R,false
451,Wilhelmina,Freathy,wfreathyci@ihg.com,219-115-7866,GLAGSU2A89G917L,true
452,Harmon,Cutchee,hcutcheecj@eventbrite.com,651-796-7281,QXPVAX7F07P455R,false
453,Barth,Gidden,bgiddenck@adobe.com,531-989-8473,CHHHGV0B14G319W,false
454,Bridie,Eddisford,beddisfordcl@blog.com,560-508-4016,DUSUAT2G56G633P,false
455,Blondell,Babst,bbabstcm@blogger.com,454-158-9381,VPJQET1K52R908W,true
456,Noland,Cheater,ncheatercn@photobucket.com,885-622-2971,CTLGVK4J63D818Z,false
457,Benji,Jurries,bjurriesco@jiathis.com,205-974-6343,XDASXL7D26H501X,true
458,Ninetta,Liversedge,nliversedgecp@fastcompany.com,238-528-3173,QYLAFY4D12S423N,false
459,Desdemona,Alberts,dalbertscq@free.fr,286-878-8122,RVXHBA9M72L261X,true
460,Rebeca,Lush,rlushcr@constantcontact.com,599-708-9939,DCROIR1B97O092S,true
461,Mordy,MacHarg,mmachargcs@chronoengine.com,383-343-3008,DITCYR9X54L854Q,false
462,Ferguson,Banane,fbananect@quantcast.com,211-825-0337,FVLDFT1W70L490S,true
463,Marsh,Robion,mrobioncu@hc360.com,185-271-0045,ERDJPG4J69U080G,true
464,Carolin,Hornung,chornungcv@constantcontact.com,831-700-6251,LULFBV9V53L942E,false
465,Dawn,Edmed,dedmedcw@blog.com,180-994-2124,TBTBWK3M66N430Z,false
466,Johnath,Gallop,jgallopcx@github.com,731-284-5187,MPNAGK1A82C096M,false
467,Lesley,Jaggers,ljaggerscy@cmu.edu,799-815-3782,QDIRPU4L34T741F,false
468,Dar,Crowth,dcrowthcz@canalblog.com,247-992-4098,PRCWUL7W70M923L,true
469,Rainer,Duerden,rduerdend0@e-recht24.de,264-576-6449,XGHCBL9X52B811P,false
470,Brigitte,oldey,boldeyd1@apple.com,781-922-4127,UNZCSZ7J84Y020T,true
471,Luz,Hullett,lhullettd2@oakley.com,362-462-2681,CNULWU8Y49F387Z,false
472,Geralda,Waldocke,gwaldocked3@illinois.edu,965-696-2686,ITAOAM5Y92X697S,true
473,Gradeigh,Jeffryes,gjeffryesd4@webnode.com,271-241-3863,RQLZHT9B47B762V,true
474,Petra,Mearns,pmearnsd5@rediff.com,715-908-9915,PFNBFY9R55C599C,false
475,Tore,Renshall,trenshalld6@soundcloud.com,564-871-5052,VCYGGL6Z82F947J,true
476,Giselle,Witard,gwitardd7@istockphoto.com,155-995-3618,IUROVO3K84M836P,false
477,Brendon,Diano,bdianod8@g.co,903-124-8385,OTNKTV7L78Y620Q,true
478,Dallon,Zeale,dzealed9@ustream.tv,497-150-6255,IVLJDW2I03Q609E,true
479,Bibby,Gallymore,bgallymoreda@shutterfly.com,854-511-4054,SZSNDC6V45A418H,true
480,Bette,Edmonston,bedmonstondb@surveymonkey.com,869-494-0892,OJCRHU6W88L782G,true
481,Minor,Yoakley,myoakleydc@eventbrite.com,573-654-7199,VOJDXV2L03X830O,false
482,Sidoney,Oakwood,soakwooddd@reddit.com,375-168-7580,JFWGXF8G63S901U,true
483,Angelita,Gotcher,agotcherde@comsenz.com,798-768-4233,SQQHOW8H40U177D,false
484,Nonna,Kiessel,nkiesseldf@xrea.com,921-893-5318,IFALUK0A19B947P,false
485,Jedediah,Spellard,jspellarddg@berkeley.edu,308-466-1325,GJBRWX6H93G387K,false
486,Purcell,Laughlin,plaughlindh@amazon.co.jp,349-453-2314,NMSNGI1V62B278I,true
487,Cullie,Mattimoe,cmattimoedi@oaic.gov.au,336-831-9262,XFDXSZ4B71E760B,true
488,Bartholomeo,Paler,bpalerdj@weibo.com,961-118-6446,MUYUCA7C83K061H,true
489,Jefferson,Agirre,jagirredk@twitter.com,771-117-1548,PFMQJJ9E36R184U,true
490,Loretta,McTurlough,lmcturloughdl@bbc.co.uk,806-119-1459,CTIDOA8H04H977P,true
491,Ty,Pooley,tpooleydm@ocn.ne.jp,125-483-6287,AORLCI7L89Y820Q,false
492,Lissy,Bulluck,lbulluckdn@blinklist.com,587-358-9356,IJJOCT2D40Q956F,false
493,Andreas,Jealous,ajealousdo@dailymail.co.uk,824-398-5520,DDJGXA0D29X546H,true
494,Kerri,Espadas,kespadasdp@desdev.cn,794-232-5907,XLDEAN0S72I217D,true
495,Gabie,McCome,gmccomedq@netvibes.com,627-995-9045,MFIHUY1E49L608Y,false
496,Corrina,Banyard,cbanyarddr@flickr.com,924-559-8815,IYFKEH2X93S732U,false
497,Burch,Wannan,bwannands@creativecommons.org,420-473-0698,BMLNBW3A26G819Q,false
498,Brear,Sebyer,bsebyerdt@webeden.co.uk,334-959-3116,OPXXLB7I90L220X,true
499,Burnard,Isakov,bisakovdu@simplemachines.org,424-323-5551,DXRIIY7I01P291F,true
500,Averil,Trimnell,atrimnelldv@yellowbook.com,581-517-8380,BPWJVB0M86M905Q,false
