first_name,last_name,email,cf
Shurlocke,Hargrave,shargrave0@amazon.co.uk,KOPPTH09R38W858O
Tammie,Berthome,tberthome1@twitpic.com,BGAXXR03Z13W151Y
Vail,Yegorchenkov,vyegorchenkov2@salon.com,JMBNQT75E24Q340M
Ker,Lequeux,klequeux3@mozilla.org,IVWLLO22V33V253G
Homere,Tytterton,htytterton4@devhub.com,FDKCFF38Z46A574F
Vance,Jesteco,vjesteco5@digg.com,FKAQHI96X96C689M
Ursuline,Lovell,ulovell6@naver.com,JPFXKP05E07W325P
Sunny,Penniell,spenniell7@lulu.com,DOBZME97M10A836I
Adriane,Dumelow,adumelow8@netscape.com,WAJVGF08G94C086D
Jodee,Coundley,jcoundley9@symantec.com,TQAFXT86B64C295V
Augustine,Storrier,astorriera@networkadvertising.org,WUINUK33R48F467E
Norri,Tejada,ntejadab@surveymonkey.com,DCQVOX07Q95A429Q
Merola,Kiwitz,mkiwitzc@zimbio.com,UNQBTR89Z16G033D
Livvyy,Legen,llegend@hatena.ne.jp,LUKXZT01F60Y343V
Demetri,McCluney,dmccluneye@un.org,CWKFFJ78M46W438S
Emmet,Orfeur,eorfeurf@soundcloud.com,QDIVZG48S95E968J
Perla,Habershon,phabershong@goo.gl,QOSURB85F13J593W
Dominique,Creber,dcreberh@tripod.com,PZAHFK64V69C425N
Cornie,Readshaw,creadshawi@cnn.com,CSDYSC69X99H638F
Sheff,Vasyagin,svasyaginj@nifty.com,QTYEIX94F99K682W
Eadith,Aluard,ealuardk@auda.org.au,CCKSKH16U18I774Q
Guillaume,Senogles,gsenoglesl@nasa.gov,YMHWMX89T76J129C
Aldin,Bushel,abushelm@umn.edu,BTPXNL63W10S291W
Isaac,Chisnell,ichisnelln@a8.net,VKBTNL74B77Y979D
Caty,Caldwell,ccaldwello@about.com,PDJSRJ80G59S807I
Ilene,Harrow,iharrowp@cbslocal.com,YCBJUZ64R07D577K
Godart,Pheazey,gpheazeyq@goo.gl,BPARBG35V55G387D
Yardley,Ruffli,yrufflir@vk.com,FYQHTH24W63R286X
Rudy,Farra,rfarras@washington.edu,YQAGUP59A76V953X
Harlie,Clemow,hclemowt@opensource.org,IMKNSJ88Y70Z509P
Shara,Mil,smilu@ifeng.com,VICAKP14Y86Z538M
Eden,Corrison,ecorrisonv@hibu.com,SWWXXR79R27V292F
Claudell,Milmith,cmilmithw@techcrunch.com,IRKAKF07D08Y487F
Esme,McQuillen,emcquillenx@wordpress.org,DNDURN19F88X691H
Quentin,Pollard,qpollardy@goo.gl,PRIJTS84S37M686K
Griffy,Lies,gliesz@slashdot.org,BVQLAP07C43F810F
Riane,Ary,rary10@bloglovin.com,VFCZHJ35J09B396O
Cindee,O'Crigane,cocrigane11@livejournal.com,LSPISN75J61C569C
Victoria,Bagshawe,vbagshawe12@spotify.com,XDUTLU95W54H994Q
Gilligan,Scarlan,gscarlan13@opensource.org,XWCRIO51J45F220J
Grannie,Thelwll,gthelwll14@businessweek.com,MUWXPZ69C70Z196X
Brigit,Doget,bdoget15@marketwatch.com,PBUUTI96T56K542Y
Piotr,Annandale,pannandale16@chicagotribune.com,QKCNXI23C49R374B
Reidar,Grigoli,rgrigoli17@howstuffworks.com,TGXUSV74N51W484H
Thebault,Farres,tfarres18@php.net,NIKNLZ74I54H353Q
Megan,Norval,mnorval19@themeforest.net,NTOKCS30O51Q114N
Zulema,Pigram,zpigram1a@addthis.com,XGISPJ14E05J010V
Artemis,Giacomini,agiacomini1b@tuttocitta.it,MJSUPG51L46M057I
John,Dufton,jdufton1c@ox.ac.uk,PQPNFH20E95F416E
Melva,Lathwell,mlathwell1d@theguardian.com,RUJPKM92G36B605W
Traver,Etchingham,tetchingham1e@zimbio.com,WKJRKC14U27I393A
Vickie,Bleacher,vbleacher1f@weather.com,CUZSOH97V78Q426N
Ardisj,Hugonet,ahugonet1g@samsung.com,RCQOLP20O41I573B
Gilburt,Dormon,gdormon1h@shutterfly.com,KBSMXR89E49O082M
Agace,McCandie,amccandie1i@thetimes.co.uk,KGPZZR92J80G087A
Eric,Wollaston,ewollaston1j@tripod.com,OHIJIJ95N73T775M
Roxy,Borg-Bartolo,rborgbartolo1k@google.fr,HYCQPV52Q84E856E
Karrah,Plimmer,kplimmer1l@engadget.com,HOKDQD22L19N806G
Editha,Buttrum,ebuttrum1m@1688.com,XKPUZB84P42N660L
Jobie,McClory,jmcclory1n@spiegel.de,TFTOQT77Y16I300Q
Amil,Winterbotham,awinterbotham1o@adobe.com,UPELPY83D22X480Z
Cosme,Glamart,cglamart1p@flavors.me,NBWYHS61N45T692G
Klaus,Ilyinski,kilyinski1q@microsoft.com,BRTBCX43X04S641Q
Coletta,Zannotelli,czannotelli1r@naver.com,NSMRUK23D87M651V
Kaitlin,Gerrelt,kgerrelt1s@reddit.com,UXUZHB78F40B019B
Carlos,Udy,cudy1t@mashable.com,DTSIUQ24L43Z192S
Glynda,Kelle,gkelle1u@amazonaws.com,GQCHXF27E06B637D
Annabela,Roles,aroles1v@booking.com,TDEKJG79G38S898N
Margarethe,Coursor,mcoursor1w@craigslist.org,KKICJG70R88R163K
Nicholle,Grosier,ngrosier1x@topsy.com,YYDRHH35P66H732L
Phyllida,Goodison,pgoodison1y@utexas.edu,IJBUZK30N94J122F
Jeramie,Gippes,jgippes1z@un.org,ZGIPAG74V43Q201K
Salvatore,Janousek,sjanousek20@china.com.cn,WNAOTT83Y66Q493Q
Gaelan,Scandrick,gscandrick21@123-reg.co.uk,OKWDDF03N12L980J
Tan,Georgeau,tgeorgeau22@ucla.edu,JHASQD34W44O958J
Bucky,Lingwood,blingwood23@google.co.uk,FCONLS53R30C003I
Duky,Mabbitt,dmabbitt24@aboutads.info,QBBNAD41S86G075S
Marcia,Ralestone,mralestone25@miibeian.gov.cn,OJSUOL59W88S145J
Adaline,Everitt,aeveritt26@dell.com,IBKSXM00Y77K192D
Leonanie,McCafferky,lmccafferky27@va.gov,KXVCNY21E03E342F
Jobyna,Petry,jpetry28@blogger.com,HSHUNR22O53C182N
Amby,Bourdis,abourdis29@adobe.com,CGJHZS85M60O582O
Drusy,Corns,dcorns2a@constantcontact.com,GQALWK85Z51S112M
Zachariah,Ogbourne,zogbourne2b@nih.gov,XHKCPU12O49O794P
Perry,Aindrais,paindrais2c@un.org,FLQKQM25G47F952L
Gideon,Danniell,gdanniell2d@marketwatch.com,RDBANJ19V28E038T
Leslie,Lacy,llacy2e@storify.com,UFNHOU47R97O277E
Harbert,Taverner,htaverner2f@squarespace.com,RKNPOK93U95N569Z
Chrisse,Haker,chaker2g@smh.com.au,SRAZWV58R28J395G
Benedict,Mariot,bmariot2h@networkadvertising.org,SILJDW76N54M535V
Delmer,Pasmore,dpasmore2i@hatena.ne.jp,HQNLXX93M10T157E
Cornie,Aslam,caslam2j@netscape.com,UCNXYO90R54X973R
Denna,Bamforth,dbamforth2k@barnesandnoble.com,MSTHGU27Q99F652U
Othilie,Stoodale,ostoodale2l@hao123.com,TOQUTE20W55X271U
Carlota,Bawme,cbawme2m@google.cn,XIQNMX64H23S610V
Jeni,Lisciandri,jlisciandri2n@virginia.edu,AXCMKA72W52Q061U
Dahlia,Sutlieff,dsutlieff2o@spiegel.de,MBEPML91W95O926M
Lana,La Wille,llawille2p@imdb.com,TXRYME55T31I653A
Gloriana,Bonifacio,gbonifacio2q@newsvine.com,WUMBJA43E17W007N
Alicea,Trace,atrace2r@usa.gov,NNRCXP91J31D204F
Melanie,Bigglestone,mbigglestone2s@huffingtonpost.com,ZALKFR14F37F308U
Hazel,Purchase,hpurchase2t@uiuc.edu,TKHPNH66C70J563E
Derby,Safe,dsafe2u@bbb.org,XKBRYV76J96H432C
Flossy,Walmsley,fwalmsley2v@imageshack.us,GEJQAM28N83N505A
Dorene,Gonoude,dgonoude2w@berkeley.edu,OTHAEU58V99C816J
Sharai,Pimm,spimm2x@narod.ru,IIFGLS15Z82W774S
Joel,Daen,jdaen2y@nytimes.com,FAQYPB71H66M447Y
Gerome,Anslow,ganslow2z@pbs.org,MXRNNI42R03D357N
Holly,Birdsall,hbirdsall30@huffingtonpost.com,HBUWSO33X53I008R
Joann,Walkingshaw,jwalkingshaw31@mtv.com,ENJPIF58A60P080U
Rubetta,Swetmore,rswetmore32@nih.gov,RHBPLY13B66Y220S
Sibel,Lockhart,slockhart33@samsung.com,XCNORR91F00N058V
Curr,Burland,cburland34@phpbb.com,EZFUPR51I51F317P
Dallas,Bristoe,dbristoe35@istockphoto.com,QJDSTL35S12M480I
Harrie,Payne,hpayne36@macromedia.com,BBOWAW64X60P365P
Sig,Midlar,smidlar37@jalbum.net,OEMREG24P63V351G
Elane,Bossom,ebossom38@amazon.co.jp,CQTXEY03W10R035G
Ermanno,Chupin,echupin39@google.ru,QZMHOE18C89U176S
Annadiane,Mollen,amollen3a@yellowbook.com,ZOGEPC83I66E819T
Matteo,Carbery,mcarbery3b@answers.com,RKLSYZ80R80O264I
Lotte,Mapis,lmapis3c@mapy.cz,KXGKCA30E96G710N
Brandea,Marcussen,bmarcussen3d@pagesperso-orange.fr,YLIUMM06Y75S403K
Leah,Lafont,llafont3e@godaddy.com,LPYFVD56X06Z640V
Yolanda,Ivamy,yivamy3f@edublogs.org,DQVGLS68N03O979N
Stevie,Zanneli,szanneli3g@oracle.com,ITZGEM74I92T634W
Kaleb,Rameaux,krameaux3h@va.gov,ZTGUQJ01W46N850O
Roxane,Huffy,rhuffy3i@last.fm,OTAQXN42Z20G008H
Hughie,Vicar,hvicar3j@sfgate.com,AXTPAZ22F76H332K
Kevina,Di Iorio,kdiiorio3k@163.com,WFHXNG93C63Q285J
Vincents,Masden,vmasden3l@aol.com,AIFGIM52V57A510Q
Skippie,Semmens,ssemmens3m@answers.com,HIAARW45Y37K745A
Hermon,Lorenc,hlorenc3n@live.com,JZBGEJ33T05F972Q
Chuck,Treneer,ctreneer3o@pinterest.com,WUCRFD57U62L599K
Aveline,Eynaud,aeynaud3p@flickr.com,GSQXPV95S35O572J
Tonye,Snoday,tsnoday3q@istockphoto.com,DHOBXM29Q45U561N
Meriel,Syphas,msyphas3r@who.int,FVNVDN93O61X169T
Silvanus,Orbon,sorbon3s@washingtonpost.com,KTRGUQ17O15F643O
Maura,Dows,mdows3t@live.com,KJWTOT58M18P309Z
Conway,Ilyenko,cilyenko3u@google.nl,OVQIVY67F26R485U
Karlotte,MacMenamin,kmacmenamin3v@marketwatch.com,KZRVLU93V64F569C
Allard,Jeppe,ajeppe3w@gmpg.org,FUATVU11A86B274R
Jody,Neely,jneely3x@ning.com,IHMSXH63L04R562J
Garrick,Doran,gdoran3y@issuu.com,JIGMPB31X89O800K
Barnaby,Lillie,blillie3z@wsj.com,SZILTQ00Y74K544S
Sauncho,Beedie,sbeedie40@seesaa.net,HPTBTW85S49F245I
Britni,Confort,bconfort41@loc.gov,KZIWLC80D77K767X
Merle,Chatteris,mchatteris42@independent.co.uk,DILCZM72Z72V479F
Vaughn,O'Cahsedy,vocahsedy43@clickbank.net,NJSLZS93I30L353I
Ardella,Shatliffe,ashatliffe44@de.vu,DOEYAZ23X24A989Y
Barnaby,Jobern,bjobern45@gizmodo.com,OZADPF99R55E638E
Lawry,Franies,lfranies46@foxnews.com,GJGNTC36X30D025W
Linn,Jenoure,ljenoure47@wisc.edu,IXQHJN19T14R910J
Karisa,Rickets,krickets48@facebook.com,POZXJG21P96G802B
Marchelle,Goodricke,mgoodricke49@mit.edu,SWCDJU10P21X306V
Flori,Leghorn,fleghorn4a@mysql.com,VCKIYQ99P88P833M
Gloriana,Doubrava,gdoubrava4b@youku.com,ZKULTO81A31L013Z
Wilt,Mowles,wmowles4c@wikispaces.com,NSCROS26O78A472L
Glad,Massinger,gmassinger4d@wikia.com,VAREJQ54N96N177Q
Cal,Cardenosa,ccardenosa4e@uol.com.br,ALFXBG59C09K878U
Morie,Trineman,mtrineman4f@technorati.com,IZWIQY58I97J380Y
Andreana,Chilles,achilles4g@tuttocitta.it,SKIILZ79R88K448C
Trisha,Domoney,tdomoney4h@sciencedirect.com,WIVBVS91Q44A903J
Lance,Veld,lveld4i@csmonitor.com,GMSMFM32Q94I500I
Christiana,Dower,cdower4j@tamu.edu,DKVGYC08S65B355O
Emmey,Taree,etaree4k@wordpress.com,AIKJDE66T23C631L
Kary,Bredes,kbredes4l@issuu.com,ZVIMUQ05I13F073U
De,Slator,dslator4m@simplemachines.org,LCMUKX66X37E532N
Bernard,Wulfinger,bwulfinger4n@exblog.jp,HDHJUL96A55J663V
Reinhold,Denkin,rdenkin4o@feedburner.com,WBIXSA54H84E551T
Gaylord,Hansana,ghansana4p@wikimedia.org,CZLGOO91N41O271Z
Paulette,Babidge,pbabidge4q@gov.uk,JQTVTF44K45F069V
Kinny,Parish,kparish4r@clickbank.net,NZFJFR55J11V920M
Ariel,Grinishin,agrinishin4s@purevolume.com,TWNMFP58Y32T076V
Tamqrah,Hamor,thamor4t@is.gd,KOFPIH80L58J740J
Nessy,Merwood,nmerwood4u@geocities.com,ZIABDH58K46J023T
Anthony,Labes,alabes4v@163.com,QQPCWI21R36O887L
Caro,Eneas,ceneas4w@amazon.co.jp,FUEOYW51L36Z893Z
Efrem,Cunliffe,ecunliffe4x@tmall.com,IYXTUK53X44Y810W
Graham,Peacher,gpeacher4y@geocities.jp,NNMCQR56A31G590S
Selena,Dobbins,sdobbins4z@opensource.org,INYASD95C22D558N
Alma,Glanfield,aglanfield50@wufoo.com,FQKHXH33Z52S162S
Woody,McBrier,wmcbrier51@mozilla.com,PQMWOI24U21I717Z
Gwendolen,Arrowsmith,garrowsmith52@hatena.ne.jp,VCNGOB35O30I303E
Peria,Slyne,pslyne53@webmd.com,TRJDFI52X07C879M
Edwin,Rankcom,erankcom54@auda.org.au,CMADGM64U75L108A
Oralle,Ottam,oottam55@amazonaws.com,TFFPZI34O77P811Z
Aleen,Van,avan56@huffingtonpost.com,MYZSDO46P45X901N
Sayers,Grouen,sgrouen57@ameblo.jp,LPRYVG78W63L381L
Gallard,Skeech,gskeech58@sciencedaily.com,HDLKOW31F68Z927Z
Judy,Simoes,jsimoes59@europa.eu,UZRFZU27D61R057V
Margareta,Foch,mfoch5a@ibm.com,PRWSIN48H89V002Q
Hervey,Gluyus,hgluyus5b@hostgator.com,ZTGWMM70O74F753B
Stanley,Rohlfs,srohlfs5c@google.ca,ZYXRZH72T46T324U
Wenona,Reis,wreis5d@senate.gov,AHNFWN71H52R005O
Flin,Kerkham,fkerkham5e@pcworld.com,ZKFHMB70A07L397K
Emmerich,Curle,ecurle5f@slate.com,DJZSIG06H66O009W
Dulcie,Birkwood,dbirkwood5g@dyndns.org,PLUFWQ88Q96I545Y
Seth,Kelway,skelway5h@storify.com,TKLDXK85I92C037R
Leigha,Viggars,lviggars5i@cbslocal.com,MKKPEU39C57S385L
Emlynne,M'Chirrie,emchirrie5j@youtu.be,LQNNMT38A04R247J
Alfred,Sterrick,asterrick5k@blog.com,PRMUBL09U95H974O
Faythe,Leveridge,fleveridge5l@mapy.cz,FICBNC39J09K938F
Revkah,Theriot,rtheriot5m@webmd.com,ZKRKYT62I41C595D
Olimpia,Cowsby,ocowsby5n@ustream.tv,IAPCIS65N94L040K
Eddie,Szwandt,eszwandt5o@51.la,ZSDUBL00R30M233Q
Ulrich,Perkinson,uperkinson5p@netvibes.com,IDZYJC67T91M874I
Storm,Demann,sdemann5q@stumbleupon.com,IJTFNQ91F07B168Q
Cale,McKinnell,cmckinnell5r@google.co.jp,OZXZWK27F76C331J
Olivie,Mcimmie,omcimmie5s@about.me,IWHMKP41E27X506K
Barde,Hyams,bhyams5t@symantec.com,PUSZZN92Q12W488B
Marybeth,Walding,mwalding5u@dot.gov,VZNPAU25G55O498I
Franny,Cassels,fcassels5v@java.com,MNXLSL71O85Y566D
Kit,Matasov,kmatasov5w@alexa.com,CUWTAD61G65U984L
Koren,Pitcaithly,kpitcaithly5x@uol.com.br,YPMDXM17B35L013K
Ezmeralda,Shurey,eshurey5y@hc360.com,QTBEBV18G11D929W
Johnnie,Shotboult,jshotboult5z@harvard.edu,WWJORF09Y76Q888A
Audrye,Clutram,aclutram60@microsoft.com,OIGSMD91J31Q695M
Addie,Worsnip,aworsnip61@engadget.com,AGCUFN43I64M725D
Nada,Slemmonds,nslemmonds62@toplist.cz,EFMTMI35V52G513E
Torr,Atchly,tatchly63@dropbox.com,PRZOUA03O78N999U
Mischa,Hiscoe,mhiscoe64@tmall.com,AHDNOG18Z61P146S
Tito,Nisbet,tnisbet65@clickbank.net,ELDVXB60C14N277Y
Sissie,Pennini,spennini66@tmall.com,UEXQIE08H92V673V
Ardis,Clemes,aclemes67@tumblr.com,FFPZFV33C08M037S
Chariot,Maltster,cmaltster68@sogou.com,WMEJLB15E25O127Z
Emlyn,MacFadzan,emacfadzan69@wufoo.com,CHYYTH62J40I816H
Abagail,Opdenorth,aopdenorth6a@godaddy.com,QEFOGF57X00Q846J
Emmi,Panas,epanas6b@infoseek.co.jp,AHIBUO27Z60H840L
Verna,Grimmett,vgrimmett6c@stanford.edu,LCQMNK70Z08U966A
Gladi,Trudgeon,gtrudgeon6d@blog.com,CGFZNL33S86K047P
Shannah,Jeeks,sjeeks6e@blinklist.com,CYMAFE30J89S493T
Elane,Sells,esells6f@gov.uk,ZFAPFZ83O86L216N
Natalya,Renshall,nrenshall6g@icio.us,USMTTP75V05C049F
Randie,Martinon,rmartinon6h@patch.com,FEYJAB94E61S841J
Lainey,Flitcroft,lflitcroft6i@51.la,DFVBID00Y10E640P
Mina,Shipway,mshipway6j@acquirethisname.com,WWYLXR77A38X851T
Massimo,Snoxall,msnoxall6k@paypal.com,XAHONJ48B44S919N
Aurea,Tembey,atembey6l@list-manage.com,LXYCZO68X30X020I
Carey,Aymes,caymes6m@phpbb.com,XHJTMF97Q27D995I
Bennett,Cheeney,bcheeney6n@businesswire.com,VCIQQY92G94O821T
Hartley,Brade,hbrade6o@sohu.com,SXZNDP21U96V415V
Lorelle,Janodet,ljanodet6p@bloglines.com,GPIVMX64W67E888E
Fred,Dunridge,fdunridge6q@businessinsider.com,AQAWAN63F02X028O
Rayner,Vasler,rvasler6r@admin.ch,ZDKQOB87J76B296H
Marcella,Mollin,mmollin6s@sakura.ne.jp,JXSCRX60G68K188P
Wolfy,Raff,wraff6t@topsy.com,JQONKQ35Y07T084M
Angelo,Parnall,aparnall6u@google.de,LCOXYA13U67Y940F
Land,Dibbert,ldibbert6v@princeton.edu,CTUXSJ66Y96U705D
Janette,Lotte,jlotte6w@constantcontact.com,JTYENW77U28Y851N
Adrian,Peal,apeal6x@mapy.cz,UNYCHU49H68C650U
Gilligan,Burdis,gburdis6y@engadget.com,SZYQDZ09I45Z436S
Loralee,Pickup,lpickup6z@feedburner.com,IIUXNV03V49U757O
Patrizia,Mossman,pmossman70@salon.com,VIETUR67Z59R655I
Frannie,Ziems,fziems71@eepurl.com,JQHGHZ14N87V827G
Brigitta,De Andreis,bdeandreis72@spotify.com,QFYVOX68G85G213Y
Vilma,Clayhill,vclayhill73@squarespace.com,XKJHCF47U40J935G
Glynda,Fogarty,gfogarty74@domainmarket.com,BUTEOZ45O33B559V
Tilly,Kuzemka,tkuzemka75@ezinearticles.com,JMETMM69Z67R470O
Muffin,Horribine,mhorribine76@cafepress.com,TGSAUW69W62R463M
Kinny,Alenin,kalenin77@slashdot.org,PTPNGB79R40W396Q
Justinian,Buxy,jbuxy78@wix.com,PWEJSH54E58R793A
Jeremiah,Jamson,jjamson79@hatena.ne.jp,QKDKPV65F38C138J
Coralie,O'Fearguise,cofearguise7a@tinypic.com,LSNETS63G01P762K
Galina,Raisher,graisher7b@reverbnation.com,DAPLMP07I83F103N
Laural,Halsted,lhalsted7c@cbsnews.com,DYZUXR12E68J238F
Montgomery,Dunsford,mdunsford7d@baidu.com,TMHZSC10I84R313S
Lee,Avery,lavery7e@xinhuanet.com,XAXOWQ64A23Q502J
Wendall,Huggens,whuggens7f@whitehouse.gov,ZQXCFX40K40D335X
Addison,Brayfield,abrayfield7g@buzzfeed.com,SEXGSO13D54J880Z
Phedra,Marmion,pmarmion7h@dot.gov,BZYNMY86M80C990Y
Rorke,Taplin,rtaplin7i@blogger.com,FNYXSQ29T47K567S
Fin,Greader,fgreader7j@netscape.com,ALGCRW42D38Z563R
Aimee,Soff,asoff7k@businesswire.com,JTBCWH11P11M675F
Waldemar,Acland,wacland7l@unesco.org,VVYLGR56J79N532C
Padgett,O'Neill,poneill7m@wsj.com,MAECFO12W36Q125J
Kariotta,Snewin,ksnewin7n@slashdot.org,GUBWHP90U43L904S
Ely,Grief,egrief7o@unesco.org,LWCGGA00H23D333N
Forrest,Ashingden,fashingden7p@uol.com.br,TEMVTB31Y87N981Y
Brendin,Weond,bweond7q@cbc.ca,CSZMHE60C15E619J
Marchall,McKeighan,mmckeighan7r@soundcloud.com,LZAMQG08F39E557N
Tara,Aukland,taukland7s@narod.ru,IWEPMM31M67O918L
Jeramie,Vellacott,jvellacott7t@blogger.com,BEKZTR35Y71T904O
Leela,Credland,lcredland7u@scribd.com,EPPTZI12Q03G858D
Jarrod,Verner,jverner7v@sakura.ne.jp,PFIEBD19G59H420Z
Daffie,Flarity,dflarity7w@geocities.jp,VPKIHZ20P05I051K
Delila,Preator,dpreator7x@boston.com,SLOYAQ91Q99V638G
Marketa,Itscowics,mitscowics7y@opensource.org,FZFXUV97B42B182O
Carmella,Bettridge,cbettridge7z@rakuten.co.jp,AXZIKI75M28Q650Y
Liam,De Benedictis,ldebenedictis80@tmall.com,XHRAEW88Y56P017W
Odette,Ginnety,oginnety81@hostgator.com,NKTPPX77V86Y629L
Natale,Newbatt,nnewbatt82@sitemeter.com,FSNSCX98D08U537M
Nance,Simeons,nsimeons83@dailymail.co.uk,OFPVAJ65Q14A163A
Rolph,Willbond,rwillbond84@wikia.com,MYABYK56A95Y907J
Deedee,Nower,dnower85@fastcompany.com,EBBNDU22T29L905Q
Ede,Oak,eoak86@taobao.com,AHITST08W27G146E
Sibella,Klossmann,sklossmann87@usa.gov,FGTBLP95Y25Z937A
Zitella,O' Mullane,zomullane88@tmall.com,IXKXON14E80Y356W
Jillie,Densie,jdensie89@microsoft.com,PFNDRU26B48L685S
Darby,Deabill,ddeabill8a@toplist.cz,MPYRUM10T19X317E
Anstice,Meldrum,ameldrum8b@dedecms.com,BXYOUY69F08N558Y
Estella,Scarce,escarce8c@wordpress.org,ETIWJC53M18X466W
Sydney,Spellicy,sspellicy8d@ask.com,WESIAR80X23M640M
Ian,Meryett,imeryett8e@imdb.com,XSYCTB49Y74E345R
Jonah,Hinckley,jhinckley8f@dyndns.org,WGMYJB54J16O960O
Shirleen,Hundey,shundey8g@example.com,TFRLVM65X65W256U
Petra,Neagle,pneagle8h@sbwire.com,HXCOBG58Y61M793Z
Enrico,Sarle,esarle8i@biglobe.ne.jp,HZPLES08D70A107L
Bess,Thunnerclef,bthunnerclef8j@feedburner.com,KREVSW96M81L916C
Marten,Jiricka,mjiricka8k@icq.com,ZEIIAU67P81F932J
Jobye,Tripe,jtripe8l@dell.com,TLCYPF21X95F034F
Lanna,Allsworth,lallsworth8m@hugedomains.com,UFWUSC66Z88J610O
Harlin,Hemphrey,hhemphrey8n@dot.gov,PRHKWL12T17W569B
Trina,Bartlet,tbartlet8o@illinois.edu,NRREIF81L84J012Y
Karia,Mitchall,kmitchall8p@merriam-webster.com,RJZMRP97D46G999Z
Winny,Chirm,wchirm8q@weather.com,BQCNXK19J93Q200C
Nelli,O'Dunneen,nodunneen8r@mayoclinic.com,ABIDZU22F02X200S
Melvyn,Binns,mbinns8s@bandcamp.com,AXIWKE41M44O464S
Abe,Hurndall,ahurndall8t@abc.net.au,LRDZSK01C50Z472Z
Frederick,McCory,fmccory8u@slideshare.net,ADVSHC09Q14I940F
Alyosha,Grier,agrier8v@amazon.com,NXEFXY41K20W935J
Marcus,Spreag,mspreag8w@harvard.edu,NUNWTX87U38N819W
Toddy,Etheridge,tetheridge8x@webeden.co.uk,CYMMJW61G85C470I
Roldan,Maycey,rmaycey8y@go.com,FVYAJP76G86V205W
Boot,Cornejo,bcornejo8z@seesaa.net,JOVZCI07J75Q018I
Tessie,Cellier,tcellier90@wunderground.com,HDARME12Y52C250C
Chiquita,Iannelli,ciannelli91@oracle.com,GBMHZS59C47C718A
Killie,Mincher,kmincher92@wiley.com,QDSMCD92O69H695F
Alice,Traves,atraves93@bloglovin.com,KBZMBH17F10D888H
Rik,Moult,rmoult94@webmd.com,CUAQMI78T21U915G
Shalom,Scollan,sscollan95@statcounter.com,CYTWWY96R65M390F
Sharon,Wightman,swightman96@about.com,RVIKHG74M43H469D
Brien,Burdin,bburdin97@example.com,WYMNAH44R32G156K
Mignon,Lamort,mlamort98@businessweek.com,OSCKPD75V00X492N
Constantina,Marquez,cmarquez99@cpanel.net,QUQKGY37D98Z919E
Codi,Ridsdole,cridsdole9a@quantcast.com,RUTASM86N88I237O
Ferris,Gwillym,fgwillym9b@jiathis.com,EFUAQR67A97O436G
Orlan,Luckham,oluckham9c@goodreads.com,RBPJFJ42O20T577N
Leandra,Robardley,lrobardley9d@blogs.com,RMUWNG76U28A841C
Enrika,Kullmann,ekullmann9e@paginegialle.it,PTWTNK91U86R890N
Leroy,Koopman,lkoopman9f@google.nl,KPWJDO81D93Y985P
Melessa,Affuso,maffuso9g@nhs.uk,VYKPUP46H99O998T
Berry,Beckey,bbeckey9h@nasa.gov,QJHDHA00L36G423N
Joann,Reinbach,jreinbach9i@latimes.com,ZMLWOX95Y42N435I
Derk,Molder,dmolder9j@stanford.edu,VFZVSL19L88Z510I
Bear,Pren,bpren9k@over-blog.com,EPCHBE18C33A946X
Gabrielle,Gallimore,ggallimore9l@123-reg.co.uk,VLTGUU35Q17O924K
Sibella,McLaughlan,smclaughlan9m@prnewswire.com,XDDCJF90M02I037C
Cecelia,O'Cleary,cocleary9n@php.net,DDQYIH85K40M219U
Anthiathia,Dulinty,adulinty9o@ifeng.com,SCXNWC32N64E166G
Ninnetta,Lee,nlee9p@lulu.com,FCEMIU22B93X669W
Dorise,Andreolli,dandreolli9q@sfgate.com,KMZWZM00I31K517S
Brendin,Spurway,bspurway9r@elpais.com,NXHHLM38U77S463O
Emilia,Tatlowe,etatlowe9s@youtube.com,ZUSOPJ25X13R176R
Josie,Bes,jbes9t@gmpg.org,VBAJAJ57N84O176I
Olympie,Warke,owarke9u@comcast.net,XOSMIC68B24H798V
Reina,Catt,rcatt9v@studiopress.com,AWFXPX27C83L484C
Minta,Tyzack,mtyzack9w@ebay.co.uk,QIYINO10C05S058K
Ciel,Andreoletti,candreoletti9x@ebay.co.uk,TNBSNT17Y02Z226T
Rafi,Fancourt,rfancourt9y@xrea.com,QXGEMT65B58H700G
Trudy,Dendle,tdendle9z@spotify.com,IVWDOB52R58H094V
Dulce,Chestnut,dchestnuta0@disqus.com,KIJOXJ69Y48T936Y
Amandie,Synnot,asynnota1@whitehouse.gov,MHGZYK19X73R888J
Charisse,Briatt,cbriatta2@who.int,UBGMAY18T52I963I
Eydie,Kell,ekella3@stanford.edu,YDOXPB03H90L763J
Maxim,Volk,mvolka4@comcast.net,QAPSYH92S71C789F
Iggy,Corcoran,icorcorana5@ebay.com,VGREYS35U65V959K
Tanitansy,Hearst,thearsta6@wikipedia.org,ZZUXQO59X54R395I
Weider,Le - Count,wlecounta7@geocities.jp,URVYVT81K23T745R
Starr,Thame,sthamea8@arstechnica.com,FGXHOL70P88L949J
Natal,Ovanesian,novanesiana9@multiply.com,NATJTX86K78R526N
Walther,Mate,wmateaa@jugem.jp,XHFXZI61B52R046C
Cole,Caselli,ccaselliab@ebay.com,VZJXHX74V36B018K
Kelcey,Jeannesson,kjeannessonac@last.fm,ITAALG20O19F574R
Armin,Fernandez,afernandezad@jimdo.com,AIFXCW13X66C313C
Kincaid,Plumtree,kplumtreeae@narod.ru,EWJKAT18X02G954Z
Julissa,Gittose,jgittoseaf@msn.com,LPEUBG28L85L567U
Keslie,Haskett,khaskettag@nbcnews.com,FHROJW30A46Z583O
Caressa,Pflieger,cpfliegerah@mapy.cz,IAJKQE36K56E137C
Doralynne,Turban,dturbanai@studiopress.com,XZIAZH09H15O442J
Redd,Millican,rmillicanaj@arizona.edu,KXUVSB88Z45Z737Q
Heddi,Cassidy,hcassidyak@themeforest.net,ZISDJP39F54A619U
Winona,Torregiani,wtorregianial@apache.org,YXMOFD09S81E479J
Stesha,Lanigan,slaniganam@shareasale.com,JFTLHN72U86S991V
Fiona,Hawyes,fhawyesan@soup.io,WYRTUX22Q98G088W
Eunice,Korpolak,ekorpolakao@mlb.com,ZZWBJH42E07F710Y
Blondy,Tedman,btedmanap@intel.com,DJDZZL07G16O801R
Sharron,Custed,scustedaq@nsw.gov.au,GQAEQY12P23Y574M
Coralyn,Mannakee,cmannakeear@elegantthemes.com,JUSVNU47J11L466I
Hendrick,Pyott,hpyottas@cpanel.net,XRPCEZ93V98P345E
Maureen,Vizor,mvizorat@scribd.com,CGBPPR88S92N308Z
Fedora,Claessens,fclaessensau@msu.edu,PFUZDJ40B45Q931G
Pearline,Benn,pbennav@digg.com,EGACEG56M63I847Y
Joell,Sapshed,jsapshedaw@samsung.com,YLBRLN21B12R462Y
Ced,Wiley,cwileyax@abc.net.au,QINZVT64T07G134S
Therine,Naisbitt,tnaisbittay@wikispaces.com,KSGHZG96L24W252O
Trudy,Rambadt,trambadtaz@toplist.cz,SSIZJM89T92L013F
Emmaline,Bernucci,ebernuccib0@wix.com,TXMZPJ53J68L769D
Colleen,Lane,claneb1@ucoz.ru,UOWPYU74M71A705G
Benedetto,Buzek,bbuzekb2@patch.com,MUJFVZ14A26F980C
Nelia,Goodricke,ngoodrickeb3@printfriendly.com,GVFLPR72C97W040W
Zara,Mohammad,zmohammadb4@woothemes.com,WTVTPC10W35V893U
Thomasa,Fitkin,tfitkinb5@g.co,GUCOKD43C93R216R
Nadine,Richarson,nricharsonb6@zimbio.com,JUWEQA45M48M583E
Cathe,Geeve,cgeeveb7@webnode.com,KGYBBM82U00U405C
Petrina,Broughton,pbroughtonb8@whitehouse.gov,EDYRDN47Q56E587W
Nickie,Idill,nidillb9@infoseek.co.jp,ONALCN66N64Q592Y
Ingar,Clarabut,iclarabutba@discovery.com,PDJZBU44M17O735V
Bo,Danielou,bdanieloubb@ted.com,TIZCPE00M00T338J
Hayward,Cowderoy,hcowderoybc@blogspot.com,NVWCLM90B42O226Y
Kai,Sheehan,ksheehanbd@topsy.com,BIJYGJ26M54V226X
Davin,Stirling,dstirlingbe@marriott.com,CWYDLZ00H51A436X
Eberhard,Theobalds,etheobaldsbf@123-reg.co.uk,MVCOPF19Z72Q234V
Chiarra,Rumsey,crumseybg@kickstarter.com,AXAVJC89W07R654N
Lindi,Yokelman,lyokelmanbh@nyu.edu,WBPLHG56C29E136M
Cordey,Quarterman,cquartermanbi@ucla.edu,KJDEIS93R10A707L
Mari,Grieger,mgriegerbj@xinhuanet.com,WRSGDX34B52D805Q
Allissa,Kennelly,akennellybk@chron.com,WAWQKL51X35R162T
Levin,Napoleone,lnapoleonebl@cloudflare.com,JJCGRW90O25R992S
Heather,Floyed,hfloyedbm@merriam-webster.com,DMYYWR93C88X054P
Adriane,Tearny,atearnybn@elpais.com,HAZDGL62X31T160F
Cordelie,Ephgrave,cephgravebo@dailymail.co.uk,GEUSZV37L83N407L
Everett,Adamides,eadamidesbp@digg.com,VXDZTL82E77J179R
Svend,Margeram,smargerambq@howstuffworks.com,LOGDKD15L96L094C
Khalil,Rominov,krominovbr@unesco.org,WVGLLM41J88Y518P
Sergio,Carillo,scarillobs@home.pl,SZFEJT03V74P779S
Janean,Strongitharm,jstrongitharmbt@cam.ac.uk,TCKCDY59T05O270Q
Winfield,Gilvear,wgilvearbu@cnbc.com,YVJWMA66G23R004M
Bertie,Cowitz,bcowitzbv@npr.org,YQTEVO48H54Y843Y
Ewan,Milton,emiltonbw@redcross.org,UOWAKD01G43E431P
Kariotta,Oxley,koxleybx@army.mil,GEALBJ11I77E397O
Gusella,Bolstridge,gbolstridgeby@creativecommons.org,ENLDYK13T99E159N
Eulalie,Eddoes,eeddoesbz@bing.com,JCIYCA81A48H504K
Ryun,Spraggon,rspraggonc0@goo.gl,CTUFYB49A54U492R
Quincey,Aslie,qasliec1@cocolog-nifty.com,HIEWEN74C84U083C
Ashlan,Jossum,ajossumc2@infoseek.co.jp,YSADBJ34P28C685O
Cole,Saldler,csaldlerc3@slate.com,VRXAAV74E84C581S
Cahra,Aymerich,caymerichc4@lulu.com,TOWSDF15K77R448N
Hollis,Baldrick,hbaldrickc5@uiuc.edu,LIQPYE74B39A817B
Ham,Robatham,hrobathamc6@hibu.com,XRHNLK23M30L212F
Anita,Ruthven,aruthvenc7@artisteer.com,RKVPAA47D97Z933A
Gustaf,Haestier,ghaestierc8@nymag.com,CKRORE85A77A468H
Sibel,Remington,sremingtonc9@ebay.co.uk,JEDPKM89O62A099E
Jade,Hayden,jhaydenca@engadget.com,GSJVMW48Q84C286E
Katerine,Powys,kpowyscb@xinhuanet.com,QMIEQQ39Q05C444R
Jone,Kulic,jkuliccc@google.ca,NTQEOM20Y47V106F
Bunnie,Ferrer,bferrercd@cdc.gov,DZEZFE76Y79C239G
Judah,Valance,jvalancece@state.tx.us,HBYFCX88D28O610W
Peggy,Broggini,pbrogginicf@ucoz.com,CYGMLC11K27E740J
Lanny,MacTrusty,lmactrustycg@1688.com,RNEJMQ98X90Z432G
Melania,Surgey,msurgeych@loc.gov,WRYRDR36C32Q268J
Reinaldos,Cazin,rcazinci@hostgator.com,QPWDTJ70Q46J497E
Fernandina,Picott,fpicottcj@soundcloud.com,OEQIRD82M34Z734Z
Ella,Harpham,eharphamck@huffingtonpost.com,YJVARA87S93J051U
Julieta,Galier,jgaliercl@diigo.com,LKLEAU05X88U809D
Margarethe,Giacomi,mgiacomicm@ask.com,RQVITO78D25V944E
Tommie,Rominov,trominovcn@apple.com,TXNVER72W97T584C
Carter,Ringham,cringhamco@sourceforge.net,DBZYQP98H45R637A
Maryrose,Kittle,mkittlecp@mashable.com,GQZBNS02W13X182K
Myrwyn,McGiven,mmcgivencq@mail.ru,XUYWKJ70D67P020P
Emerson,Huard,ehuardcr@hexun.com,PJSGPN81A25G895C
Galina,Wix,gwixcs@imgur.com,AWEDGI71C90Z184V
Cate,Love,clovect@salon.com,BGDZJZ40X37I714S
Blancha,Warman,bwarmancu@bbc.co.uk,FZNLLO79Q32B616X
Leigha,Brambell,lbrambellcv@accuweather.com,PPYRZW89O62O391Z
John,Sebright,jsebrightcw@angelfire.com,MNBOBJ58B39Z865C
Nelie,Gerdes,ngerdescx@blogger.com,SESLZU79F32Q985Z
Jaquenette,MacEllen,jmacellency@sphinn.com,ZESJMF18Z67Z397S
Joaquin,Tubritt,jtubrittcz@hhs.gov,MSYHRF79N06K234W
Lin,Meeking,lmeekingd0@businessweek.com,JVQMPL09I90I391W
Pet,Paulino,ppaulinod1@reddit.com,IJJWWT42J83E697F
Max,Eleshenar,meleshenard2@loc.gov,OFMIJV80B88H590J
Eliza,Tineman,etinemand3@cbslocal.com,CFRYSM01W77R912E
Kariotta,MacTimpany,kmactimpanyd4@istockphoto.com,EXZBTL60I95Z303Y
Reeba,Aughtie,raughtied5@comsenz.com,OZJYHC62J09U510E
Codee,McGreay,cmcgreayd6@ca.gov,PJWINE49Y05E450F
Rollin,Dibsdale,rdibsdaled7@moonfruit.com,CATNBO98A86F800H
Caressa,Pratley,cpratleyd8@aol.com,SICVIV82U80Y046G
Deirdre,Geerdts,dgeerdtsd9@yelp.com,ABQNRA33H53V512M
Zorine,Dohmer,zdohmerda@cocolog-nifty.com,FZGKCN02V76W374J
Janith,Wittering,jwitteringdb@ox.ac.uk,VQXDIC78C17E725K
Caritta,Chyuerton,cchyuertondc@cam.ac.uk,IQZYKS25V60E943A
Cinda,Tarpey,ctarpeydd@addtoany.com,ZIALAM83E27G662V
Arabel,Rowat,arowatde@hud.gov,KFOFOT33R66H381V
Rhonda,Litchfield,rlitchfielddf@soup.io,XPNONI64H67A393O
Kelbee,Maccaig,kmaccaigdg@sogou.com,TRVWIZ07Q34V063P
Felic,Paynter,fpaynterdh@microsoft.com,WOAREM09Z95T529V
Ricca,Whitemarsh,rwhitemarshdi@examiner.com,NKFANT72E93O967I
Ignazio,Parell,iparelldj@slate.com,TPKGXB38T17L373L
Mike,Belchem,mbelchemdk@amazon.co.uk,UBIUTV03T16F082M
Pryce,Valentelli,pvalentellidl@etsy.com,OWDMBX42L03J197J
Shem,Mardoll,smardolldm@discuz.net,GLTEMX33H83N256B
Humfrey,Cherry,hcherrydn@technorati.com,UCFRQP56N89E591A
Tonnie,McArthur,tmcarthurdo@nyu.edu,CVGCZT90B54P715Y
Maxwell,Simkin,msimkindp@vistaprint.com,YFPNLL71N39R062W
Frances,Wetherald,fwetheralddq@delicious.com,PNXCFK53Q89Z840I
Jolee,Sattin,jsattindr@creativecommons.org,XHEKMG75B56Q153T
Thatcher,Chezelle,tchezelleds@samsung.com,AYDBUH76K47Y073V
Larisa,Cholomin,lcholomindt@oracle.com,RQLDSU49Y77I930I
Ruperta,Gillott,rgillottdu@geocities.jp,NNCROF24O23K643K
Cora,Lambourn,clambourndv@nba.com,XJKVEI39M75P272U
